time,x,y,z,MF
0.008,4.56,-36.18,-36.60,51.66
0.030,4.38,-36.18,-36.54,51.61
0.049,4.68,-36.06,-36.48,51.51
0.089,4.86,-36.12,-36.42,51.52
0.089,4.92,-36.06,-36.54,51.57
0.147,5.04,-36.18,-36.48,51.62
0.148,5.04,-36.24,-36.60,51.75
0.153,5.28,-36.18,-36.42,51.61
0.170,5.40,-36.24,-36.36,51.62
0.189,5.76,-36.12,-36.54,51.70
0.210,5.76,-36.24,-36.78,51.95
0.303,5.88,-36.24,-36.90,52.05
0.304,5.94,-36.00,-37.14,52.06
0.305,5.88,-35.82,-37.56,52.23
0.306,6.00,-35.40,-37.98,52.26
0.311,6.18,-34.68,-38.76,52.37
0.346,6.36,-33.60,-39.66,52.37
0.421,6.54,-31.80,-40.56,51.95
0.422,6.96,-29.64,-41.64,51.58
0.422,7.26,-27.18,-42.96,51.35
0.423,7.32,-24.36,-44.16,50.96
0.431,7.08,-21.18,-45.54,50.72
0.451,6.48,-17.76,-46.86,50.53
0.479,5.52,-14.40,-48.00,50.42
0.492,4.20,-10.98,-48.90,50.29
0.558,2.70,-8.34,-49.68,50.45
0.559,0.72,-6.42,-50.16,50.57
0.560,-1.32,-4.92,-50.40,50.66
0.572,-3.00,-4.08,-50.58,50.83
0.592,-4.62,-4.32,-50.40,50.79
0.627,-5.76,-5.28,-50.04,50.65
0.682,-6.90,-6.90,-49.74,50.69
0.683,-7.50,-9.42,-49.38,50.83
0.684,-7.98,-12.18,-48.72,50.85
0.693,-7.92,-15.06,-48.00,50.93
0.713,-7.08,-18.12,-47.22,51.07
0.734,-6.30,-21.30,-46.08,51.15
0.756,-4.86,-24.30,-44.82,51.21
0.841,-3.18,-27.30,-43.38,51.35
0.842,-1.26,-30.06,-41.58,51.32
0.843,1.14,-32.34,-39.48,51.05
0.846,3.84,-34.32,-37.32,50.85
0.855,6.84,-36.30,-34.80,50.75
0.875,9.66,-37.92,-32.28,50.73
0.897,12.66,-39.06,-29.58,50.60
0.993,15.54,-40.02,-26.82,50.62
0.997,18.42,-40.56,-24.00,50.60
0.998,21.36,-40.68,-21.06,50.54
0.999,23.94,-40.98,-17.94,50.74
1.000,26.40,-40.62,-14.52,50.57
1.024,28.68,-40.14,-11.34,50.62
1.107,30.84,-39.36,-8.04,50.64
1.107,32.76,-38.22,-4.86,50.57
1.108,34.50,-36.48,-1.44,50.23
1.109,36.06,-34.80,1.98,50.15
1.116,37.62,-32.82,5.22,50.19
1.136,39.06,-30.12,8.46,50.04
1.156,40.20,-27.72,10.98,50.05
1.189,41.10,-24.54,13.50,49.74
1.243,41.76,-21.00,15.84,49.35
1.245,42.54,-17.52,18.12,49.45
1.246,43.08,-13.92,19.86,49.44
1.257,43.68,-9.90,20.82,49.39
1.277,43.74,-5.70,21.60,49.11
1.317,43.92,-1.62,21.96,49.13
1.318,43.98,2.46,22.32,49.38
1.375,43.62,6.60,22.32,49.44
1.376,43.26,10.50,22.02,49.66
1.379,42.60,14.34,21.30,49.74
1.398,41.94,17.88,20.64,50.04
1.418,41.22,20.88,20.46,50.53
1.438,40.44,23.70,20.40,51.12
1.471,39.30,26.10,20.40,51.40
1.531,37.98,28.50,20.34,51.66
1.532,36.90,30.24,20.70,52.00
1.533,35.40,31.92,21.18,52.16
1.539,33.72,33.30,21.96,52.23
1.559,31.86,34.56,23.04,52.35
1.610,29.88,36.00,23.76,52.47
1.611,27.78,36.96,24.30,52.23
1.661,25.68,38.04,24.78,52.16
1.663,23.64,39.00,25.56,52.28
1.664,21.30,39.84,26.40,52.32
1.681,19.32,40.44,27.42,52.54
1.701,17.22,40.74,28.26,52.49
1.720,15.36,40.98,29.16,52.59
1.758,13.20,40.74,30.30,52.46
1.770,11.46,40.68,31.56,52.75
1.792,9.78,40.26,32.76,52.82
1.807,8.10,39.36,34.20,52.77
1.821,6.66,38.46,35.52,52.77
1.841,5.22,37.02,36.90,52.53
1.861,4.14,35.10,38.70,52.41
1.882,2.88,32.82,40.38,52.11
1.922,1.68,30.12,42.30,51.95
1.923,0.18,26.58,44.40,51.75
1.942,-1.08,22.38,46.26,51.40
1.962,-2.52,17.64,47.76,50.97
1.982,-3.60,12.42,49.14,50.81
2.002,-4.74,6.72,49.92,50.59
2.026,-5.94,1.20,50.10,50.46
2.104,-6.66,-4.62,49.92,50.57
2.106,-6.96,-10.44,49.02,50.60
2.107,-6.78,-16.14,47.28,50.42
2.108,-6.54,-21.78,44.94,50.36
2.124,-5.88,-27.00,42.06,50.32
2.144,-4.86,-31.92,38.28,50.08
2.165,-3.66,-36.42,34.26,50.13
2.230,-1.98,-40.50,29.28,50.01
2.231,-0.42,-43.92,23.82,49.96
2.232,1.20,-46.44,18.00,49.82
2.246,3.06,-48.30,12.18,49.90
2.278,4.98,-49.38,6.72,50.08
2.295,7.08,-49.80,1.44,50.32
2.312,9.18,-49.56,-3.66,50.53
2.375,11.22,-48.84,-8.52,50.83
2.376,13.02,-47.46,-12.78,50.84
2.376,15.06,-45.54,-16.68,50.78
2.391,17.10,-43.68,-19.98,50.99
2.405,18.60,-41.46,-23.10,50.97
2.425,20.58,-38.94,-25.92,51.10
2.459,22.20,-36.42,-28.50,51.30
2.507,24.00,-33.42,-30.72,51.35
2.508,25.44,-30.18,-32.40,51.06
2.509,26.82,-26.76,-33.96,50.88
2.526,28.14,-23.64,-35.22,50.90
2.548,29.28,-20.46,-36.24,50.88
2.567,30.54,-17.34,-37.02,51.03
2.606,31.14,-13.98,-37.80,50.93
2.607,31.92,-10.68,-38.16,50.88
2.669,32.28,-7.62,-38.40,50.74
2.671,32.52,-4.62,-38.76,50.80
2.672,32.64,-1.92,-39.00,50.89
2.688,32.40,0.90,-39.06,50.76
2.708,31.98,3.78,-39.36,50.85
2.742,31.38,6.66,-39.66,51.01
2.809,30.78,9.30,-39.78,51.15
2.810,29.70,11.88,-40.02,51.23
2.811,28.32,14.46,-40.26,51.30
2.815,26.88,16.92,-40.44,51.42
2.829,25.26,19.32,-40.56,51.54
2.861,23.46,21.48,-40.74,51.69
2.878,21.60,23.46,-40.74,51.74
2.933,19.44,25.32,-40.98,51.94
2.934,16.98,26.82,-41.10,51.93
2.935,14.58,28.14,-41.28,52.04
2.949,12.24,28.92,-41.52,52.06
2.969,9.42,29.58,-41.58,51.89
2.989,6.54,29.88,-41.88,51.86
3.023,3.72,30.00,-42.24,51.94
3.030,0.90,29.58,-42.66,51.92
3.094,-1.74,28.74,-42.72,51.52
3.095,-4.38,27.78,-43.14,51.50
3.096,-7.02,26.22,-43.44,51.22
3.111,-9.66,24.36,-43.56,50.83
3.132,-11.94,22.02,-43.86,50.51
3.196,-14.16,19.44,-44.10,50.23
3.197,-16.08,16.56,-44.34,49.99
3.199,-17.88,13.80,-44.58,49.97
3.212,-19.32,10.98,-44.70,49.92
3.232,-20.46,7.74,-44.82,49.87
3.251,-21.36,4.80,-45.00,50.04
3.291,-21.78,1.68,-45.42,50.40
3.293,-21.84,-1.50,-45.30,50.31
3.392,-21.48,-4.80,-45.48,50.52
3.394,-20.82,-8.10,-45.66,50.83
3.396,-19.74,-11.40,-45.42,50.82
3.397,-18.24,-15.00,-45.54,51.30
3.400,-16.68,-18.24,-45.24,51.55
3.413,-14.52,-21.24,-44.58,51.47
3.445,-11.88,-24.30,-43.74,51.43
3.508,-9.12,-27.12,-43.26,51.86
3.509,-6.12,-29.64,-42.00,51.77
3.510,-3.00,-31.98,-40.20,51.46
3.513,0.18,-34.56,-38.34,51.62
3.554,3.36,-36.90,-35.40,51.24
3.554,6.66,-39.00,-31.92,50.84
3.617,9.96,-41.04,-28.02,50.68
3.639,12.96,-42.42,-23.76,50.32
3.640,16.02,-43.50,-18.96,50.08
3.641,18.78,-44.34,-13.98,50.14
3.655,21.30,-44.40,-8.88,50.04
3.675,23.58,-43.74,-3.72,49.83
3.695,25.92,-42.60,1.14,49.88
3.778,27.78,-40.86,6.00,49.77
3.779,29.40,-38.64,10.32,49.64
3.781,31.20,-35.94,14.52,49.76
3.782,32.70,-32.64,18.36,49.72
3.796,33.90,-29.10,21.90,49.75
3.816,34.86,-25.38,24.72,49.70
3.846,35.88,-21.60,27.00,49.83
3.915,36.78,-17.76,28.80,49.98
3.916,37.62,-13.86,29.88,50.00
3.918,38.16,-10.02,30.54,49.89
3.919,38.70,-6.18,30.84,49.87
3.937,38.88,-2.52,30.84,49.69
3.956,39.18,0.96,30.66,49.76
3.990,39.48,4.44,30.24,49.93
3.997,39.48,7.68,29.76,50.03
4.072,39.18,11.16,29.10,50.06
4.073,39.06,14.34,28.32,50.33
4.074,38.88,17.16,27.42,50.57
4.077,38.46,19.74,26.70,50.81
4.098,37.98,22.02,26.04,51.04
4.131,37.50,24.30,25.08,51.24
4.189,36.84,26.10,24.42,51.33
4.190,36.18,27.90,24.12,51.66
4.191,35.46,29.28,23.76,51.76
4.199,34.26,30.36,23.88,51.63
4.219,33.12,31.56,24.42,51.86
4.238,31.98,32.28,24.96,51.84
4.261,30.78,33.00,25.62,51.89
4.364,29.70,33.24,26.28,51.74
4.365,28.80,33.48,27.24,51.89
4.366,27.66,33.42,28.08,51.68
4.367,26.88,33.18,29.16,51.71
4.367,26.16,33.12,30.24,51.92
4.379,25.26,32.88,31.14,51.85
4.411,24.12,32.40,31.98,51.52
4.459,23.10,31.86,33.18,51.47
4.460,21.90,31.32,34.68,51.60
4.461,20.76,30.12,36.18,51.45
4.480,19.86,28.68,37.74,51.39
4.500,18.60,27.12,39.36,51.29
4.520,17.46,24.84,40.98,51.00
4.542,16.44,21.96,42.66,50.72
4.607,15.24,18.72,44.58,50.69
4.607,13.98,14.58,46.14,50.37
4.608,12.60,9.90,47.58,50.21
4.621,10.80,5.22,48.54,50.00
4.642,8.94,0.00,48.96,49.77
4.661,7.02,-5.76,48.72,49.56
4.685,5.10,-11.40,48.12,49.71
4.779,3.36,-16.86,46.86,49.91
4.780,2.04,-22.20,44.94,50.16
4.782,0.78,-27.00,42.54,50.39
4.784,-0.18,-31.44,39.72,50.66
4.785,-0.84,-35.40,36.84,51.10
4.823,-1.26,-38.88,33.54,51.36
4.824,-1.20,-41.70,30.48,51.66
4.901,-0.96,-44.04,27.00,51.67
4.902,-0.78,-46.32,23.64,52.01
4.903,-0.60,-48.00,20.52,52.20
4.903,0.00,-49.32,17.52,52.34
4.923,0.66,-50.40,14.46,52.44
4.943,1.44,-51.12,11.52,52.42
4.976,2.40,-51.60,9.24,52.47
5.033,3.12,-51.84,6.90,52.39
5.034,4.08,-52.02,4.86,52.40
5.035,5.28,-51.78,2.88,52.13
5.044,6.54,-51.66,0.84,52.08
5.064,7.68,-51.24,-1.14,51.82
5.101,9.00,-50.64,-3.36,51.54
5.104,10.68,-49.92,-5.82,51.38
5.164,12.30,-48.96,-8.52,51.19
5.165,14.04,-47.64,-11.46,50.97
5.168,16.08,-46.08,-14.40,50.88
5.185,18.06,-44.22,-17.58,50.90
5.205,20.10,-42.00,-20.70,50.95
5.225,22.20,-39.42,-23.52,50.99
5.247,24.06,-36.48,-26.22,50.96
5.330,25.80,-33.24,-28.56,50.85
5.331,27.48,-29.70,-30.60,50.73
5.331,29.28,-26.10,-32.40,50.87
5.334,30.54,-22.20,-33.84,50.70
5.346,31.74,-18.36,-34.92,50.63
5.368,32.88,-14.40,-35.64,50.58
5.393,33.72,-10.80,-36.36,50.75
5.457,34.44,-7.02,-36.78,50.87
5.458,34.86,-3.42,-36.78,50.79
5.459,34.98,-0.24,-36.96,50.89
5.470,34.80,2.76,-36.96,50.84
5.487,34.68,5.46,-36.90,50.93
5.507,34.02,8.22,-36.66,50.68
5.542,33.18,10.74,-36.66,50.60
5.547,32.40,13.38,-36.48,50.59
5.604,31.32,15.90,-36.24,50.47
5.605,30.00,18.30,-36.18,50.44
5.615,28.62,20.94,-35.76,50.36
5.629,27.00,23.58,-35.52,50.46
5.649,24.96,26.28,-35.16,50.49
5.668,22.98,28.80,-34.98,50.80
5.697,20.52,31.14,-34.38,50.72
5.727,17.82,33.48,-33.96,50.91
5.728,15.06,35.40,-33.36,50.92
5.749,12.12,37.08,-32.64,50.86
5.769,8.58,38.40,-32.04,50.74
5.789,5.22,39.36,-31.56,50.72
5.814,1.98,39.96,-31.38,50.85
5.888,-1.14,40.02,-31.38,50.87
5.889,-4.44,39.42,-31.92,50.92
5.890,-7.80,38.10,-32.82,50.89
5.891,-11.34,35.58,-34.14,50.60
5.910,-14.70,32.04,-35.58,50.08
5.930,-17.76,27.48,-37.14,49.50
5.960,-20.64,22.20,-38.58,49.06
6.008,-23.52,15.96,-39.42,48.60
6.009,-26.10,9.36,-39.72,48.44
6.011,-28.02,2.40,-39.42,48.42
6.032,-29.76,-4.74,-38.10,48.58
6.052,-30.78,-11.34,-36.30,48.92
6.080,-31.44,-17.34,-33.60,49.17
6.175,-32.04,-22.98,-30.18,49.65
6.176,-31.86,-28.26,-25.98,49.88
6.177,-31.26,-32.64,-21.42,50.01
6.178,-30.18,-36.54,-16.62,50.22
6.180,-29.04,-39.66,-11.34,50.44
6.192,-27.60,-42.18,-6.24,50.79
6.234,-25.98,-44.22,-1.02,51.30
6.235,-24.24,-45.48,3.96,51.69
6.296,-21.96,-46.14,8.88,51.86
6.297,-20.10,-45.90,13.44,51.88
6.298,-18.06,-45.30,17.76,51.90
6.313,-16.26,-44.22,21.90,51.96
6.333,-14.28,-42.72,25.62,51.82
6.360,-12.36,-40.62,29.34,51.61
6.427,-10.38,-38.22,32.82,51.43
6.428,-8.52,-35.76,36.12,51.54
6.430,-6.48,-32.64,39.18,51.40
6.436,-4.50,-29.52,41.76,51.34
6.454,-2.58,-25.68,44.04,51.04
6.475,-0.78,-21.78,45.96,50.86
6.494,1.14,-17.76,47.58,50.80
6.530,2.82,-13.68,48.84,50.80
6.600,4.32,-9.42,49.86,50.93
6.603,5.64,-5.16,50.22,50.80
6.604,6.84,-1.38,50.34,50.82
6.605,8.28,2.52,50.22,50.96
6.615,9.36,6.06,49.80,51.03
6.661,10.38,9.36,49.38,51.32
6.662,11.22,12.66,48.66,51.52
6.739,11.70,15.60,47.76,51.59
6.740,12.48,18.54,46.50,51.59
6.741,13.44,21.48,45.30,51.90
6.742,13.92,24.36,43.86,52.07
6.756,14.22,26.94,42.30,52.13
6.795,14.46,29.10,40.68,52.06
6.796,14.82,31.26,38.70,51.91
6.871,15.12,33.24,36.90,51.91
6.872,16.02,35.28,35.16,52.32
6.873,16.92,36.72,33.18,52.30
6.877,17.52,38.04,30.90,52.04
6.897,18.30,39.06,28.62,51.76
6.931,19.44,40.08,26.16,51.66
7.013,20.94,40.80,23.40,51.48
7.014,22.50,41.64,20.58,51.61
7.015,24.00,42.12,17.46,51.52
7.016,25.26,42.36,13.86,51.23
7.018,26.40,42.48,10.20,51.04
7.058,27.84,42.30,6.66,51.07
7.067,29.22,41.94,2.76,51.19
7.155,30.18,41.58,-1.08,51.39
7.157,30.96,41.10,-4.74,51.67
7.159,31.38,40.38,-8.46,51.83
7.160,31.32,39.60,-11.82,51.85
7.161,31.08,38.88,-14.94,51.97
7.180,30.54,38.10,-17.58,51.90
7.211,29.58,37.86,-19.68,51.92
7.301,28.26,37.98,-21.18,51.86
7.302,26.76,38.04,-22.02,51.46
7.303,25.14,38.46,-22.50,51.16
7.304,23.46,39.30,-22.20,50.87
7.305,21.90,40.50,-21.66,50.88
7.320,20.04,41.82,-20.52,50.71
7.357,18.30,43.50,-18.96,50.86
7.360,16.32,45.06,-17.04,50.86
7.431,15.00,46.50,-14.82,51.06
7.432,13.26,47.76,-12.42,51.10
7.433,11.64,49.08,-9.30,51.29
7.441,10.38,50.16,-6.00,51.57
7.461,9.30,50.40,-2.58,51.32
7.492,8.16,50.88,1.08,51.54
7.501,7.08,50.88,4.92,51.60
7.567,6.30,50.76,8.76,51.89
7.568,5.40,50.04,12.72,51.91
7.570,4.74,49.02,17.04,52.11
7.581,4.08,47.04,21.18,51.75
7.602,3.06,44.46,25.56,51.37
7.627,1.98,41.16,30.18,51.08
7.643,0.84,36.42,34.74,50.34
7.736,-0.18,30.84,38.88,49.63
7.737,-1.56,24.00,42.60,48.92
7.738,-3.06,16.68,45.54,48.59
7.739,-4.50,8.64,47.40,48.39
7.743,-5.64,0.60,48.18,48.51
7.763,-6.60,-7.56,47.88,48.92
7.794,-7.32,-15.24,46.38,49.36
7.843,-7.56,-22.20,43.74,49.63
7.844,-7.38,-28.50,40.26,49.87
7.845,-6.60,-34.14,36.30,50.27
7.865,-5.46,-38.76,31.62,50.32
7.910,-4.02,-42.66,26.70,50.49
7.912,-2.52,-45.90,21.54,50.77
7.974,-0.78,-48.18,16.08,50.80
7.975,0.96,-49.74,10.38,50.82
7.976,3.06,-50.58,4.92,50.91
7.984,4.68,-50.82,-0.42,51.04
8.005,6.66,-50.28,-5.88,51.06
8.025,8.70,-49.08,-10.74,50.99
8.049,10.62,-47.16,-15.30,50.70
8.140,12.78,-45.00,-19.50,50.68
8.141,14.94,-42.60,-23.16,50.74
8.141,16.98,-39.84,-26.16,50.59
8.142,18.96,-37.02,-28.74,50.56
8.145,21.18,-33.78,-31.08,50.55
8.166,23.34,-30.60,-32.70,50.50
8.195,25.50,-27.48,-34.02,50.62
8.265,27.48,-24.66,-34.86,50.78
8.266,29.34,-21.72,-35.40,50.85
8.268,30.96,-18.78,-35.76,50.89
8.269,32.70,-16.32,-35.76,51.13
8.288,33.90,-13.50,-35.70,51.05
8.307,35.10,-10.92,-35.52,51.12
8.333,35.82,-8.52,-35.10,50.87
8.433,36.54,-6.06,-34.62,50.70
8.434,37.20,-3.24,-34.56,50.88
8.438,37.56,-0.36,-34.26,50.84
8.439,37.68,2.22,-34.02,50.81
8.440,37.50,5.28,-33.90,50.83
8.448,37.26,7.86,-33.78,50.90
8.472,36.66,10.56,-33.48,50.76
8.581,35.94,13.20,-33.60,50.94
8.583,35.04,15.84,-33.66,51.10
8.584,33.66,18.24,-33.54,50.90
8.585,32.16,20.64,-33.36,50.72
8.587,30.72,23.28,-33.54,51.09
8.592,28.80,25.50,-33.66,51.11
8.615,27.00,27.72,-33.78,51.37
8.630,24.78,29.76,-34.14,51.62
8.694,22.50,31.86,-34.08,51.79
8.695,20.04,33.42,-34.26,51.89
8.696,17.70,34.86,-34.68,52.26
8.710,15.54,35.88,-35.22,52.62
8.730,12.96,36.36,-35.22,52.25
8.750,10.50,36.96,-35.34,52.20
8.830,7.92,37.38,-35.46,52.13
8.832,5.64,37.50,-35.58,52.00
8.834,3.18,37.44,-35.76,51.87
8.835,0.48,37.44,-35.76,51.77
8.851,-2.28,37.08,-35.52,51.40
8.881,-5.16,36.60,-35.22,51.05
8.962,-7.98,36.24,-35.16,51.12
8.963,-10.68,35.40,-35.04,50.94
8.963,-13.56,34.38,-34.80,50.76
8.964,-16.56,33.00,-34.32,50.41
8.973,-19.50,31.08,-33.96,49.99
8.991,-22.38,29.04,-33.66,49.77
9.032,-24.78,26.82,-33.24,49.38
9.033,-27.54,24.66,-32.76,49.39
9.115,-30.06,22.20,-32.16,49.30
9.116,-32.46,19.50,-31.50,49.25
9.117,-35.10,16.38,-30.78,49.47
9.117,-36.90,13.44,-30.24,49.56
9.132,-38.34,10.62,-29.82,49.72
9.160,-39.48,7.50,-29.10,49.61
9.261,-40.44,3.72,-28.38,49.54
9.261,-40.74,-0.90,-27.84,49.35
9.262,-40.56,-5.94,-26.94,49.05
9.263,-39.84,-11.22,-25.86,48.80
9.263,-38.52,-16.56,-24.60,48.61
9.275,-36.60,-22.02,-23.04,48.53
9.294,-34.50,-27.48,-21.06,48.87
9.331,-31.44,-32.70,-18.90,49.14
9.334,-27.84,-37.44,-16.32,49.43
9.393,-23.88,-41.40,-13.56,49.68
9.394,-19.62,-44.52,-10.56,49.78
9.395,-15.24,-46.68,-7.50,49.67
9.414,-10.44,-48.48,-4.50,49.79
9.451,-5.76,-49.38,-1.08,49.73
9.508,-1.14,-49.56,2.46,49.63
9.509,3.66,-49.02,5.82,49.50
9.510,8.28,-47.82,9.24,49.40
9.515,12.66,-45.78,12.90,49.22
9.535,16.86,-43.20,16.26,49.14
9.562,20.58,-40.26,19.44,49.22
9.627,24.24,-36.72,22.50,49.42
9.627,27.54,-32.94,24.96,49.66
9.628,30.30,-28.74,27.18,49.83
9.638,32.46,-24.60,29.04,50.02
9.657,34.50,-20.28,30.66,50.41
9.676,36.06,-15.90,31.26,50.30
9.696,37.62,-11.58,31.38,50.34
9.731,38.76,-7.32,31.32,50.37
9.737,39.36,-3.18,31.02,50.21
9.769,39.72,0.96,30.36,50.00
9.784,40.08,4.32,29.64,50.03
9.797,40.32,8.16,28.74,50.18
9.818,40.08,11.76,27.72,50.13
9.838,39.90,15.12,27.00,50.49
9.859,39.30,18.24,26.22,50.64
9.940,38.58,21.24,25.32,50.80
9.941,37.74,23.88,24.36,50.87
9.942,36.90,26.16,23.52,50.98
9.942,36.00,28.50,22.74,51.24
9.959,34.86,30.18,22.14,51.15
9.978,34.08,31.86,21.60,51.41
10.012,32.76,33.12,21.42,51.27
10.019,31.50,34.56,21.66,51.53
10.085,30.42,35.52,22.20,51.77
10.086,29.04,36.24,23.34,51.97
10.087,27.48,36.66,24.78,52.09
10.100,26.10,36.90,26.46,52.37
10.119,24.48,36.54,28.56,52.44
10.140,22.32,35.82,31.02,52.38
10.214,20.34,34.62,33.60,52.36
10.216,18.06,32.46,36.24,51.89
10.217,15.48,29.70,39.06,51.45
10.220,12.96,26.52,41.52,50.94
10.241,10.50,22.74,44.10,50.72
10.261,7.80,18.60,46.44,50.63
10.301,5.22,14.28,48.36,50.69
10.302,2.88,9.60,49.50,50.50
10.384,0.96,4.62,50.40,50.62
10.385,-0.60,-0.30,50.64,50.64
10.386,-1.68,-4.92,50.52,50.79
10.386,-2.52,-9.18,50.10,51.00
10.401,-2.46,-13.38,49.08,50.93
10.433,-2.22,-17.40,48.00,51.10
10.517,-1.68,-21.24,46.32,50.98
10.519,-0.54,-25.08,44.88,51.41
10.520,0.54,-28.62,42.72,51.42
10.521,1.80,-31.86,40.02,51.18
10.525,3.18,-35.16,36.96,51.11
10.544,4.50,-38.46,33.30,51.07
10.580,5.58,-41.28,29.28,50.92
10.652,6.96,-43.68,24.36,50.49
10.652,8.64,-45.66,19.26,50.30
10.653,10.26,-46.98,13.38,49.91
10.654,12.06,-47.64,7.50,49.71
10.663,13.92,-47.82,1.62,49.83
10.683,15.66,-47.04,-4.38,49.77
10.715,17.70,-45.24,-10.08,49.61
10.775,19.74,-42.60,-15.96,49.59
10.776,21.54,-39.18,-21.06,49.42
10.776,23.40,-35.34,-25.68,49.56
10.784,25.02,-31.08,-29.40,49.56
10.805,26.46,-26.46,-32.70,49.69
10.849,27.84,-21.60,-35.34,49.90
10.856,29.40,-16.92,-37.50,50.56
10.924,30.66,-12.78,-38.88,51.14
10.926,31.50,-9.18,-39.60,51.43
10.927,32.22,-6.00,-40.20,51.87
10.927,32.52,-3.48,-40.50,52.06
10.946,32.88,-1.56,-40.62,52.28
10.965,33.18,-0.12,-40.62,52.45
10.986,33.18,0.96,-40.80,52.60
11.093,32.94,1.92,-40.62,52.33
11.094,32.46,2.88,-40.86,52.26
11.095,31.92,3.90,-41.04,52.14
11.096,31.26,4.62,-41.16,51.89
11.097,30.36,5.82,-41.40,51.67
11.111,29.22,7.68,-41.82,51.59
11.151,27.66,9.84,-41.88,51.14
11.153,26.16,12.06,-41.76,50.73
11.233,24.36,14.34,-42.00,50.63
11.234,22.98,16.38,-41.88,50.50
11.235,21.84,18.36,-41.82,50.63
11.235,20.58,20.16,-41.76,50.73
11.247,19.80,21.48,-41.94,51.11
11.281,19.44,21.60,-42.36,51.37
11.288,19.50,20.76,-43.14,51.69
11.360,19.74,18.78,-43.86,51.63
11.361,20.28,15.78,-44.70,51.56
11.362,20.34,12.06,-45.48,51.26
11.368,20.46,7.26,-46.14,50.99
11.388,20.52,1.62,-46.32,50.69
11.410,20.16,-4.44,-45.78,50.22
11.497,19.80,-10.68,-44.64,49.99
11.498,19.08,-16.56,-42.90,49.78
11.499,18.72,-22.02,-40.86,50.05
11.499,18.18,-27.12,-38.22,50.27
11.510,17.76,-31.68,-34.80,50.30
11.529,17.28,-35.70,-31.08,50.39
11.550,16.56,-39.18,-26.88,50.32
11.635,15.78,-42.06,-22.62,50.30
11.636,14.76,-44.46,-18.06,50.21
11.636,14.04,-46.44,-13.14,50.26
11.637,12.84,-48.00,-7.92,50.31
11.651,11.34,-48.84,-2.28,50.19
11.670,9.60,-49.32,3.12,50.34
11.691,7.86,-49.02,8.64,50.39
11.753,6.30,-48.12,13.86,50.47
11.754,4.68,-46.62,19.14,50.61
11.754,2.94,-44.34,24.12,50.56
11.771,1.20,-41.52,28.92,50.61
11.791,-0.30,-37.98,33.60,50.71
11.817,-1.32,-34.08,37.56,50.73
11.881,-1.74,-29.10,41.16,50.44
11.881,-1.56,-24.00,44.04,50.18
11.882,-0.90,-18.24,46.32,49.79
11.896,0.54,-12.12,48.00,49.51
11.912,2.70,-5.52,48.84,49.22
11.932,5.52,1.02,48.60,48.92
11.953,8.22,7.56,47.28,48.58
12.015,11.40,13.80,45.12,48.54
12.016,14.10,19.80,42.00,48.53
12.017,16.62,25.32,38.16,48.72
12.033,18.72,30.36,33.78,49.12
12.053,20.10,34.80,28.74,49.41
12.076,20.70,38.34,23.76,49.63
12.108,20.82,41.34,18.90,50.00
12.114,20.70,43.92,14.28,50.61
12.186,19.86,45.78,10.08,50.91
12.186,19.20,47.28,6.30,51.42
12.187,18.18,48.48,3.30,51.88
12.201,16.92,49.02,0.72,51.86
12.215,16.20,49.56,-1.14,52.15
12.250,15.42,50.04,-2.58,52.42
12.255,14.64,50.40,-3.48,52.60
12.328,14.28,50.58,-3.84,52.70
12.329,14.28,50.82,-3.66,52.91
12.330,14.40,50.64,-2.76,52.72
12.335,15.00,50.16,-0.90,52.36
12.355,16.20,49.14,2.10,51.78
12.381,17.34,47.58,5.82,50.97
12.436,18.60,45.48,10.14,50.17
12.437,19.80,42.84,14.88,49.48
12.438,20.64,39.36,20.16,48.80
12.456,21.18,35.10,25.86,48.47
12.476,21.18,29.94,31.44,48.30
12.496,20.28,23.52,36.42,47.86
12.518,18.36,16.44,40.02,47.00
12.615,15.78,8.40,42.42,46.03
12.617,13.08,-0.12,43.50,45.42
12.618,10.14,-8.76,43.20,45.23
12.619,7.26,-17.40,41.28,45.38
12.620,4.92,-25.50,37.80,45.86
12.638,2.58,-32.88,33.06,46.70
12.661,1.08,-38.82,27.18,47.40
12.763,0.84,-43.38,20.64,48.05
12.764,1.26,-46.68,13.44,48.59
12.765,2.34,-48.54,6.42,49.02
12.766,3.84,-49.32,-0.60,49.47
12.766,6.00,-48.72,-7.38,49.64
12.778,8.64,-46.98,-13.92,49.75
12.800,11.52,-44.04,-20.04,49.74
12.916,14.40,-40.26,-25.56,49.81
12.916,16.92,-35.34,-30.48,49.64
12.917,19.44,-29.58,-34.38,49.34
12.918,21.60,-23.16,-37.74,49.27
12.918,23.10,-16.44,-40.38,49.34
12.919,24.18,-9.60,-42.30,49.66
12.939,24.30,-2.70,-43.62,50.00
12.961,23.76,3.66,-44.40,50.49
13.057,22.74,9.72,-44.40,50.82
13.057,20.82,15.06,-43.98,50.93
13.060,18.30,19.92,-43.74,51.43
13.061,15.48,23.70,-43.20,51.65
13.061,12.66,27.00,-42.54,51.95
13.093,9.48,29.28,-42.12,52.16
13.100,6.00,30.72,-41.58,52.04
13.160,2.34,31.62,-40.98,51.81
13.161,-1.14,31.68,-41.10,51.90
13.162,-4.56,31.14,-41.34,51.96
13.181,-7.80,29.88,-41.46,51.70
13.201,-10.80,28.20,-41.82,51.58
13.231,-13.44,25.44,-42.42,51.26
13.241,-15.66,22.44,-43.20,51.14
13.317,-17.04,18.90,-43.98,50.81
13.318,-17.88,14.76,-45.12,50.73
13.319,-18.06,10.44,-45.90,50.42
13.322,-17.64,5.88,-46.80,50.36
13.342,-16.32,1.08,-47.58,50.31
13.363,-14.16,-3.84,-47.76,49.96
13.447,-11.40,-8.76,-47.82,49.93
13.448,-7.98,-13.50,-47.10,49.64
13.449,-3.90,-18.18,-45.90,49.52
13.450,0.48,-22.50,-43.92,49.35
13.463,4.98,-26.34,-41.28,49.22
13.483,9.60,-29.94,-37.86,49.21
13.518,14.10,-32.94,-33.78,49.24
13.523,18.66,-35.16,-29.40,49.48
13.585,22.68,-36.72,-24.36,49.56
13.587,26.34,-37.44,-18.78,49.48
13.587,29.28,-37.20,-13.26,49.16
13.604,31.98,-36.12,-7.80,48.87
13.624,34.80,-34.56,-2.52,49.11
13.645,37.02,-31.98,2.52,48.98
13.675,38.76,-28.86,7.32,48.87
13.752,40.26,-25.32,11.52,48.93
13.753,41.28,-21.00,15.36,48.79
13.754,42.18,-16.20,18.00,48.64
13.754,42.84,-11.10,20.16,48.63
13.766,43.14,-5.76,22.08,48.80
13.785,43.14,-0.90,23.52,49.14
13.860,42.78,4.02,24.24,49.33
13.861,42.48,8.58,24.48,49.77
13.862,41.88,13.32,24.24,50.19
13.866,41.16,17.82,23.40,50.59
13.886,40.14,21.60,22.50,50.83
13.906,39.12,24.72,21.72,51.12
13.937,38.28,27.60,20.10,51.29
13.999,37.14,30.66,18.18,51.48
14.000,35.82,33.42,16.86,51.81
14.000,34.50,35.88,15.36,52.09
14.006,32.70,37.74,14.76,52.07
14.028,30.66,39.18,14.76,51.89
14.047,28.26,40.44,15.54,51.72
14.073,25.56,41.34,16.98,51.48
14.089,22.44,41.70,19.62,51.26
14.154,18.90,41.04,23.28,50.83
14.155,15.54,39.42,27.24,50.37
14.156,11.52,37.02,31.56,49.99
14.170,7.68,33.48,35.58,49.45
14.188,4.02,29.22,39.54,49.33
14.208,0.84,23.82,43.08,49.23
14.272,-2.28,17.70,45.78,49.13
14.273,-5.28,10.62,47.40,48.86
14.274,-7.56,3.18,47.82,48.52
14.289,-9.30,-4.32,47.28,48.38
14.309,-10.62,-11.88,45.54,48.25
14.346,-11.58,-19.02,42.90,48.33
14.360,-12.30,-26.04,38.88,48.38
14.400,-13.02,-32.34,34.14,48.79
14.401,-13.14,-37.62,28.32,48.89
14.409,-12.78,-41.88,21.90,48.96
14.430,-12.36,-44.88,15.24,48.98
14.450,-11.76,-47.22,8.22,49.35
14.470,-10.68,-48.48,1.62,49.67
14.492,-9.42,-48.96,-4.80,50.09
14.597,-7.98,-48.60,-10.44,50.34
14.598,-6.00,-47.82,-15.72,50.69
14.599,-3.96,-46.68,-20.22,51.02
14.599,-1.74,-45.06,-23.94,51.05
14.600,0.30,-43.62,-27.24,51.43
14.616,2.64,-41.64,-30.00,51.39
14.642,4.86,-39.42,-32.64,51.41
14.734,7.20,-37.26,-34.74,51.45
14.735,9.66,-34.86,-36.60,51.46
14.735,12.00,-32.34,-38.34,51.57
14.736,14.40,-30.06,-39.60,51.76
14.737,17.04,-27.60,-40.68,52.03
14.752,19.56,-24.78,-41.34,52.01
14.778,21.84,-21.96,-41.94,52.13
14.792,24.06,-19.20,-42.00,52.07
14.856,26.16,-15.96,-42.12,52.09
14.857,28.02,-12.96,-42.06,52.17
14.858,29.82,-9.48,-42.00,52.37
14.873,31.08,-5.70,-41.70,52.32
14.911,31.56,-1.74,-41.10,51.85
14.975,32.10,2.34,-40.68,51.87
14.976,31.92,6.54,-40.08,51.65
14.977,31.32,10.86,-39.42,51.50
14.978,30.06,14.94,-38.76,51.27
14.994,28.20,19.08,-38.04,51.05
15.021,26.04,23.04,-37.32,51.01
15.098,23.40,26.58,-36.84,51.10
15.099,20.64,29.58,-36.48,51.30
15.099,17.28,31.92,-36.42,51.42
15.100,13.80,33.48,-36.36,51.31
15.115,9.84,34.44,-36.78,51.34
15.135,5.82,34.50,-37.38,51.20
15.155,1.98,33.90,-38.04,50.99
15.190,-2.16,32.22,-38.88,50.54
15.265,-6.06,30.06,-39.72,50.18
15.266,-9.96,27.00,-40.80,49.93
15.267,-13.74,23.40,-41.52,49.60
15.268,-17.04,18.90,-42.12,49.21
15.276,-19.56,13.92,-42.66,48.95
15.329,-21.60,8.82,-42.84,48.78
15.330,-22.86,3.42,-42.90,48.73
15.336,-23.58,-2.04,-42.84,48.94
15.410,-23.76,-7.56,-42.84,49.57
15.410,-23.04,-12.84,-42.66,50.15
15.412,-21.48,-17.58,-42.42,50.69
15.417,-19.38,-21.36,-42.24,51.15
15.437,-16.56,-24.96,-41.94,51.54
15.457,-13.26,-27.66,-41.76,51.81
15.551,-10.02,-29.94,-41.76,52.35
15.552,-6.42,-31.44,-41.70,52.62
15.553,-2.64,-32.34,-41.34,52.55
15.553,1.14,-32.76,-41.22,52.66
15.558,5.10,-32.88,-40.98,52.79
15.578,8.88,-33.00,-40.62,53.08
15.610,12.36,-32.46,-40.08,53.03
15.682,15.54,-32.04,-39.24,52.99
15.683,18.96,-31.20,-38.16,52.81
15.684,22.26,-30.48,-36.78,52.70
15.692,25.44,-30.12,-35.16,52.83
15.700,28.14,-29.58,-32.88,52.42
15.719,30.60,-29.34,-29.94,51.90
15.739,33.30,-28.68,-26.52,51.33
15.807,35.70,-28.38,-22.62,50.91
15.808,38.22,-27.90,-18.66,50.86
15.809,40.32,-27.12,-14.52,50.71
15.823,42.24,-25.86,-10.26,50.58
15.840,44.04,-24.06,-6.00,50.54
15.860,45.90,-21.96,-1.74,50.91
15.882,47.16,-19.32,1.86,51.00
15.941,47.82,-16.62,5.58,50.93
15.942,48.18,-13.68,8.76,50.84
15.942,48.30,-10.62,12.24,50.94
15.960,48.06,-7.62,15.54,51.08
15.981,47.34,-4.62,18.78,51.14
16.001,46.32,-1.50,21.66,51.16
16.026,44.82,1.80,24.12,50.93
16.123,43.14,5.10,26.70,50.99
16.124,41.34,8.22,28.44,50.85
16.125,39.60,11.82,30.12,51.14
16.125,37.74,15.12,31.14,51.21
16.126,35.82,18.42,31.92,51.39
16.142,34.08,21.54,32.28,51.65
16.172,32.40,24.60,32.28,51.93
16.227,30.72,27.24,32.04,52.08
16.228,29.16,29.70,31.74,52.34
16.229,27.36,32.04,31.20,52.43
16.243,25.56,34.14,30.48,52.42
16.263,23.70,36.00,29.64,52.31
16.291,21.96,37.62,28.80,52.22
16.365,20.34,39.30,27.90,52.31
16.366,18.66,40.74,27.00,52.31
16.367,17.22,42.00,25.98,52.30
16.367,15.96,43.08,24.66,52.14
16.384,14.70,44.34,23.58,52.33
16.404,13.62,45.12,22.56,52.25
16.424,12.54,46.02,21.60,52.36
16.458,11.58,46.80,20.70,52.47
16.464,10.68,47.16,20.10,52.36
16.550,9.78,47.28,19.92,52.23
16.551,8.52,47.40,20.34,52.28
16.552,7.32,47.16,21.18,52.21
16.553,6.06,46.20,22.98,51.95
16.567,4.20,44.64,24.96,51.32
16.599,2.04,42.36,27.90,50.76
16.678,-0.42,39.12,31.02,49.93
16.678,-3.48,35.10,34.32,49.21
16.679,-6.78,29.94,37.50,48.46
16.680,-10.02,23.82,40.32,47.89
16.686,-13.14,16.86,42.42,47.50
16.706,-16.14,9.42,43.26,47.12
16.741,-18.48,1.74,43.20,47.02
16.746,-20.34,-6.18,41.94,47.02
16.813,-21.60,-13.74,39.54,47.10
16.814,-22.08,-21.06,36.24,47.37
16.815,-21.96,-27.60,32.10,47.69
16.827,-21.18,-33.24,27.06,47.81
16.847,-20.34,-38.10,21.72,48.34
16.881,-18.84,-41.82,16.02,48.58
16.968,-17.16,-44.88,10.26,49.13
16.968,-15.36,-46.98,4.56,49.64
16.969,-13.38,-48.42,-1.08,50.25
16.971,-11.04,-48.90,-6.72,50.58
16.971,-8.58,-48.96,-11.82,51.09
16.988,-6.00,-48.18,-16.08,51.15
17.039,-3.00,-47.34,-20.16,51.54
17.040,0.06,-46.14,-23.58,51.82
17.048,3.48,-44.40,-26.58,51.86
17.091,7.08,-42.24,-29.10,51.78
17.092,10.80,-39.72,-31.20,51.65
17.109,14.64,-36.78,-32.52,51.23
17.129,18.36,-33.48,-33.90,51.06
17.151,22.14,-29.94,-35.10,51.17
17.245,25.38,-25.56,-35.64,50.67
17.246,28.62,-21.00,-35.82,50.43
17.247,31.26,-16.08,-35.46,49.93
17.247,33.36,-10.86,-35.16,49.67
17.250,35.04,-5.64,-34.68,49.62
17.290,35.82,-0.42,-34.38,49.65
17.290,36.42,4.56,-33.84,49.92
17.357,36.24,9.18,-33.30,50.06
17.357,35.46,13.14,-33.00,50.19
17.358,34.14,16.86,-33.06,50.42
17.370,32.16,19.86,-33.78,50.69
17.390,30.00,22.08,-34.56,50.81
17.428,27.54,23.88,-35.46,50.85
17.431,24.84,25.08,-36.60,50.85
17.505,21.60,25.80,-37.92,50.70
17.506,18.36,25.56,-39.66,50.63
17.507,15.12,24.72,-41.52,50.63
17.511,11.64,22.98,-43.56,50.61
17.532,8.52,20.58,-45.24,50.42
17.560,5.46,17.64,-46.74,50.25
17.634,2.52,14.28,-48.30,50.43
17.635,0.18,10.32,-49.62,50.68
17.636,-1.80,6.18,-50.46,50.87
17.637,-3.24,2.10,-50.94,51.09
17.653,-4.38,-1.98,-51.06,51.28
17.673,-4.50,-5.58,-50.76,51.26
17.711,-4.44,-8.88,-50.58,51.54
17.715,-3.78,-12.06,-50.16,51.73
17.792,-2.64,-15.00,-49.56,51.85
17.793,-1.38,-17.58,-48.66,51.76
17.794,0.66,-19.98,-47.76,51.77
17.795,2.58,-22.02,-46.74,51.73
17.813,4.98,-23.76,-45.78,51.82
17.850,7.38,-25.74,-44.58,52.00
17.854,10.32,-27.24,-42.90,51.85
17.929,13.56,-28.38,-40.92,51.61
17.930,17.04,-29.04,-38.76,51.34
17.931,20.58,-29.46,-36.42,51.16
17.944,24.06,-29.64,-33.66,50.89
17.954,27.72,-29.28,-30.48,50.54
17.978,31.38,-28.74,-27.36,50.59
18.059,34.86,-27.24,-24.12,50.39
18.060,37.86,-25.50,-20.94,50.22
18.061,40.68,-23.22,-17.88,50.14
18.062,43.26,-20.70,-14.58,50.12
18.076,45.42,-17.70,-11.58,50.10
18.096,47.16,-14.46,-8.76,50.10
18.131,48.48,-11.22,-6.30,50.16
18.206,49.38,-7.62,-3.78,50.11
18.207,50.16,-4.20,-1.32,50.35
18.208,50.52,-0.78,0.72,50.53
18.209,50.40,2.52,2.70,50.53
18.216,50.16,5.52,4.38,50.65
18.256,49.56,8.70,5.94,50.67
18.257,49.14,11.64,7.26,51.02
18.316,48.54,14.70,8.22,51.38
18.318,47.52,17.52,9.00,51.44
18.319,46.26,20.46,9.42,51.45
18.337,45.30,23.22,9.84,51.85
18.357,44.16,25.62,9.72,51.97
18.377,42.90,28.08,9.12,52.08
18.411,41.76,30.06,8.40,52.13
18.497,40.32,32.22,7.44,52.14
18.498,38.88,34.08,6.36,52.09
18.499,37.56,35.94,5.10,52.23
18.502,36.06,37.38,3.72,52.07
18.503,34.38,38.76,2.34,51.86
18.538,32.94,40.14,1.32,51.94
18.539,31.50,41.28,0.36,51.93
18.604,29.94,42.54,-0.78,52.03
18.605,28.38,43.74,-1.56,52.16
18.606,26.34,45.06,-1.80,52.22
18.620,23.82,46.32,-1.44,52.10
18.639,21.06,47.70,-0.84,52.15
18.659,17.58,48.78,0.36,51.85
18.687,13.50,49.74,1.80,51.57
18.700,8.46,50.34,3.66,51.18
18.770,3.24,50.46,6.06,50.92
18.771,-2.46,49.80,8.28,50.54
18.772,-8.28,48.36,10.26,50.12
18.781,-13.86,46.20,11.94,49.69
18.801,-19.44,43.20,13.44,49.24
18.821,-24.66,39.54,14.34,48.75
18.909,-29.28,35.28,15.18,48.29
18.910,-33.42,30.54,15.72,47.92
18.911,-37.08,25.56,15.66,47.68
18.911,-40.14,20.58,15.60,47.73
18.921,-42.72,15.24,15.30,47.87
18.941,-44.82,9.84,14.94,48.26
18.962,-46.20,4.92,14.52,48.68
19.060,-46.92,0.06,14.28,49.04
19.061,-47.34,-4.62,13.62,49.48
19.062,-46.98,-8.94,12.78,49.50
19.063,-46.44,-13.44,12.00,49.81
19.064,-45.42,-17.82,11.10,50.04
19.345,-1.02,-59.82,-22.80,64.02
19.364,-0.42,-59.22,-24.60,64.13
19.394,1.98,-57.36,-27.48,63.63
19.500,2.70,-56.46,-27.18,62.72
19.502,5.64,-53.46,-29.28,61.21
19.504,9.48,-49.68,-30.48,59.05
19.505,13.26,-45.36,-30.90,56.46
19.506,9.72,-48.96,-29.34,57.90
19.507,12.60,-45.12,-30.72,56.02
19.526,15.36,-40.74,-31.62,53.81
19.547,17.70,-35.94,-32.52,51.60
19.663,19.38,-31.26,-33.30,49.61
19.666,20.16,-26.34,-34.20,47.64
19.667,20.04,-21.60,-35.10,45.83
19.668,18.84,-17.28,-36.30,44.40
19.669,16.56,-13.56,-37.38,43.07
19.670,14.04,-10.50,-38.52,42.32
19.702,10.56,-8.34,-39.90,42.11
19.707,6.54,-7.44,-41.16,42.33
19.785,1.98,-7.44,-42.12,42.82
19.786,-2.58,-8.82,-43.14,44.11
19.788,-6.96,-11.16,-43.98,45.90
19.789,-10.98,-14.16,-44.58,48.04
19.813,-14.46,-17.40,-44.76,50.15
19.909,-17.46,-21.42,-44.58,52.45
19.909,-19.56,-25.68,-44.04,54.60
19.910,-21.00,-29.70,-43.20,56.47
19.912,-21.42,-33.60,-42.36,58.16
19.912,-21.06,-37.02,-41.46,59.44
19.929,-20.40,-40.14,-40.56,60.60
19.967,-19.14,-42.66,-39.42,61.16
20.016,-17.46,-44.88,-38.76,61.82
20.016,-15.66,-46.68,-38.04,62.22
20.018,-13.68,-47.64,-37.56,62.19
20.038,-11.40,-48.60,-37.20,62.25
20.049,-9.54,-49.20,-36.96,62.27
20.070,-7.68,-49.38,-36.66,61.98
20.090,-5.46,-49.26,-36.42,61.50
20.183,-3.18,-49.20,-36.48,61.33
20.184,-0.90,-48.90,-36.24,60.87
20.185,1.26,-48.54,-35.88,60.37
20.186,3.66,-48.24,-35.34,59.91
20.190,6.06,-48.12,-34.44,59.48
20.211,8.76,-48.00,-33.06,58.94
20.238,11.46,-47.88,-31.50,58.45
20.251,14.22,-47.82,-29.34,57.88
20.354,16.92,-47.76,-26.58,57.22
20.356,19.68,-47.46,-23.04,56.31
20.357,22.44,-47.04,-19.32,55.58
20.359,25.08,-46.62,-15.36,55.12
20.360,27.78,-45.42,-11.22,54.41
20.373,30.06,-43.86,-6.84,53.61
20.410,32.34,-41.52,-2.22,52.67
20.506,34.14,-38.94,1.98,51.82
20.508,35.58,-35.88,5.76,50.86
20.508,36.78,-32.82,9.06,50.12
20.509,37.50,-29.16,12.54,49.13
20.510,37.68,-25.08,15.78,47.93
20.512,37.38,-20.88,18.54,46.66
20.533,36.72,-16.32,21.12,45.39
20.560,35.22,-12.18,23.46,44.03
20.641,33.00,-7.74,26.16,42.82
20.642,30.12,-3.30,28.92,41.89
20.643,26.52,1.26,31.74,41.38
20.643,22.08,5.40,34.20,41.06
20.654,16.86,8.94,36.42,41.12
20.687,11.10,12.18,38.34,41.73
20.694,4.98,14.58,39.84,42.71
20.747,-1.50,16.32,41.04,44.19
20.748,-7.86,17.46,41.70,45.88
20.754,-14.34,17.64,41.64,47.44
20.789,-20.76,16.80,41.10,49.01
20.794,-26.58,15.60,39.84,50.37
20.867,-31.80,13.74,38.46,51.76
20.868,-36.48,11.34,37.32,53.40
20.869,-40.80,8.58,35.94,55.04
20.875,-44.52,5.46,34.32,56.48
20.895,-47.64,2.04,32.82,57.89
20.917,-50.28,-1.08,31.20,59.18
21.005,-52.44,-3.96,29.82,60.45
21.006,-53.88,-7.02,29.04,61.61
21.006,-54.84,-9.96,28.20,62.46
21.007,-55.80,-13.02,27.48,63.55
21.016,-56.34,-15.84,26.70,64.33
21.036,-56.40,-18.54,26.40,64.97
21.061,-56.58,-21.30,25.92,65.78
21.141,-56.16,-24.24,25.86,66.41
21.142,-55.50,-27.36,25.50,66.92
21.143,-55.02,-30.42,24.90,67.62
21.144,-54.42,-33.48,24.36,68.38
21.157,-53.28,-36.72,23.46,68.83
21.197,-51.78,-39.90,22.62,69.17
21.198,-50.16,-43.44,21.42,69.73
21.275,-48.12,-46.86,20.28,70.16
21.276,-45.96,-49.92,18.96,70.45
21.278,-43.80,-53.16,17.34,71.03
21.279,-41.40,-55.98,15.60,71.35
21.298,-38.94,-58.80,13.38,71.78
21.323,-36.42,-60.90,10.98,71.80
21.339,-33.96,-62.82,8.28,71.89
21.428,-31.62,-64.20,5.34,71.76
21.430,-28.98,-65.34,2.40,71.52
21.431,-26.76,-66.18,-0.78,71.39
21.432,-24.24,-66.54,-3.72,70.91
21.439,-21.60,-66.48,-6.90,70.24
21.483,-18.72,-66.12,-9.72,69.40
21.484,-15.96,-65.58,-12.60,68.66
21.562,-12.84,-64.74,-15.18,67.72
21.563,-9.42,-63.54,-17.52,66.58
21.564,-6.00,-61.80,-20.10,65.26
21.565,-2.40,-60.24,-22.20,64.24
21.580,1.08,-57.96,-24.48,62.93
21.611,4.62,-55.38,-26.04,61.37
21.620,7.86,-52.32,-27.60,59.67
21.710,11.04,-48.78,-28.98,57.80
21.711,13.62,-44.88,-30.42,55.90
21.712,15.84,-40.62,-31.56,53.82
21.713,17.58,-36.18,-32.46,51.69
21.721,19.08,-31.32,-33.24,49.50
21.760,20.16,-26.70,-33.78,47.54
21.761,20.40,-22.38,-34.20,45.68
21.858,20.34,-18.00,-34.74,44.10
21.859,19.80,-13.68,-34.98,42.46
21.859,18.96,-9.72,-35.10,41.06
21.860,17.70,-6.00,-35.40,40.03
21.862,16.14,-2.64,-35.46,39.05
21.882,13.92,0.54,-35.88,38.49
21.920,11.28,3.24,-36.18,38.03
21.922,8.76,5.46,-36.96,38.37
21.994,5.52,6.90,-37.74,38.76
21.995,1.80,7.50,-38.64,39.40
22.004,-2.04,7.20,-39.54,40.24
22.005,-5.94,6.12,-40.44,41.33
22.024,-9.60,4.26,-41.52,42.83
22.044,-12.96,1.74,-42.54,44.50
22.130,-15.78,-0.96,-43.62,46.40
22.131,-18.30,-4.38,-44.52,48.33
22.132,-19.74,-7.86,-45.24,49.98
22.132,-20.70,-11.64,-45.54,51.36
22.145,-20.82,-15.12,-45.78,52.51
22.184,-20.46,-18.72,-46.08,53.78
22.185,-19.62,-22.26,-45.96,54.71
22.236,-18.48,-25.56,-45.60,55.44
22.237,-16.80,-29.22,-45.30,56.46
22.252,-15.00,-32.46,-44.58,57.15
22.265,-13.20,-35.40,-43.74,57.80
22.290,-10.98,-38.04,-42.90,58.38
22.305,-8.88,-40.38,-42.00,58.93
22.361,-6.48,-42.36,-40.80,59.17
22.362,-3.84,-43.62,-39.90,59.24
22.365,-1.08,-44.70,-38.88,59.25
22.386,1.32,-45.54,-37.56,59.05
22.406,4.02,-46.14,-36.24,58.81
22.434,6.90,-46.68,-34.68,58.56
22.515,9.96,-46.92,-32.88,58.15
22.517,12.84,-47.28,-30.36,57.64
22.518,15.60,-47.58,-27.66,57.20
22.518,18.12,-48.18,-24.24,56.90
22.533,20.46,-48.60,-20.34,56.52
22.547,22.98,-48.66,-16.14,56.18
22.580,25.08,-48.54,-11.34,55.80
22.661,26.94,-48.00,-6.66,55.44
22.662,28.38,-47.04,-1.92,54.97
22.663,30.00,-45.48,2.40,54.53
22.663,31.44,-43.62,6.54,54.16
22.667,32.70,-40.92,10.44,53.41
22.688,33.72,-38.04,13.80,52.67
22.710,34.62,-34.68,16.50,51.70
22.807,35.40,-30.84,18.72,50.54
22.808,35.88,-26.94,20.52,49.34
22.809,36.18,-22.86,22.20,48.21
22.810,36.00,-19.08,23.28,46.92
22.811,35.70,-15.06,23.76,45.45
22.829,35.22,-11.22,23.94,44.04
22.866,34.86,-7.38,23.82,42.86
22.869,34.08,-3.60,23.16,41.36
22.958,33.12,0.00,22.50,40.04
22.959,32.22,3.60,21.48,38.89
22.960,31.20,6.72,19.86,37.59
22.961,30.06,9.90,18.24,36.53
22.970,28.74,12.78,16.56,35.55
22.990,27.30,15.54,14.76,34.71
23.018,25.32,18.18,13.14,33.83
23.123,23.40,20.52,12.24,33.44
23.124,21.54,22.44,11.22,33.07
23.127,19.38,24.12,10.62,32.71
23.128,17.16,25.62,10.32,32.52
23.129,14.88,26.94,10.38,32.48
23.133,12.42,28.44,10.68,32.82
23.171,9.96,29.76,11.04,33.27
23.172,7.56,30.84,11.52,33.78
23.257,5.10,31.56,12.00,34.15
23.258,1.86,32.28,12.66,34.72
23.260,-1.62,32.70,13.68,35.48
23.261,-5.46,32.76,15.24,36.54
23.272,-9.66,32.22,16.86,37.62
23.308,-14.22,30.84,19.02,38.92
23.314,-19.38,28.56,21.24,40.53
23.377,-24.66,25.92,23.64,42.88
23.378,-29.88,22.62,25.74,45.46
23.378,-34.80,18.24,27.48,47.95
23.393,-39.36,12.96,28.92,50.53
23.418,-43.56,7.20,29.58,53.14
23.507,-47.04,0.72,29.82,55.70
23.508,-49.98,-6.00,28.98,58.08
23.510,-51.96,-12.78,27.84,60.32
23.511,-52.98,-19.86,25.92,62.23
23.514,-53.40,-27.00,23.58,64.32
23.554,-52.92,-33.66,20.82,66.08
23.555,-51.60,-39.84,17.58,67.52
23.629,-49.26,-45.72,13.74,68.60
23.630,-46.32,-50.46,9.54,69.16
23.631,-42.54,-54.72,5.40,69.52
23.634,-37.92,-58.20,0.96,69.47
23.655,-33.24,-60.90,-3.24,69.46
23.684,-27.90,-62.58,-7.26,68.90
23.764,-22.44,-63.48,-11.10,68.24
23.765,-16.68,-63.36,-14.82,67.17
23.767,-11.22,-62.34,-18.00,65.85
23.768,-5.70,-60.54,-21.12,64.37
23.776,4.86,-48.96,-25.74,55.53
23.800,9.66,-45.12,-28.08,54.01
23.900,14.10,-40.68,-30.24,52.61
23.901,17.76,-35.58,-32.22,51.18
23.901,20.76,-29.88,-33.84,49.69
23.902,24.78,-21.30,-35.82,48.48
23.903,26.46,-15.66,-36.96,48.08
23.916,27.06,-10.32,-37.68,47.52
23.941,27.18,-5.40,-38.52,47.45
24.055,26.28,-1.14,-39.06,47.09
24.055,28.44,8.40,-41.10,50.68
24.064,26.64,11.46,-41.58,50.69
24.065,24.54,13.74,-42.54,51.00
24.065,21.72,15.54,-43.50,51.04
24.066,18.48,16.44,-44.64,51.03
24.078,15.18,16.74,-45.72,51.00
24.106,11.40,16.02,-46.80,50.76
24.194,7.68,14.70,-47.82,50.61
24.195,4.02,12.54,-48.72,50.47
24.195,0.42,9.96,-49.56,50.55
24.196,-2.82,6.90,-50.04,50.59
24.198,-5.28,3.48,-50.16,50.56
24.218,-7.62,-0.12,-50.16,50.73
24.253,-9.06,-4.02,-49.56,50.54
24.259,-10.08,-7.86,-49.02,50.66
24.326,-10.38,-11.64,-48.18,50.64
24.327,-10.26,-15.18,-47.46,50.87
24.328,-9.48,-18.66,-46.38,50.88
24.339,-8.22,-21.84,-45.30,50.96
24.360,-6.42,-24.78,-44.40,51.25
24.380,-3.96,-27.18,-43.02,51.04
24.461,-1.50,-29.04,-42.18,51.23
24.461,1.26,-30.36,-41.34,51.30
24.462,4.32,-31.20,-40.50,51.31
24.463,7.50,-31.50,-39.66,51.20
24.480,10.86,-31.50,-38.76,51.11
24.502,14.22,-31.44,-37.68,51.09
24.575,17.40,-31.02,-36.36,50.86
24.576,20.70,-30.60,-34.86,50.79
24.577,23.88,-29.88,-33.00,50.52
24.591,27.54,-28.92,-30.54,50.27
24.601,30.90,-28.08,-27.60,50.05
24.621,34.14,-27.12,-23.82,49.68
24.654,37.26,-26.04,-19.74,49.56
24.752,39.78,-24.30,-15.24,49.04
24.752,42.30,-22.26,-10.26,48.89
24.753,44.34,-19.44,-5.22,48.69
24.754,46.20,-16.74,-0.12,49.14
24.754,46.98,-13.62,4.98,49.17
24.764,47.28,-10.08,9.78,49.32
24.787,47.16,-6.06,14.28,49.64
24.881,46.44,-1.68,18.12,49.88
24.882,45.18,2.94,21.30,50.04
24.883,43.26,7.50,24.54,50.30
24.884,40.50,11.94,27.42,50.34
24.884,37.08,16.56,29.94,50.45
24.903,33.24,21.06,32.04,50.74
24.937,28.92,25.08,33.78,51.05
24.944,24.00,28.74,34.68,51.03
24.997,18.48,31.80,35.46,51.09
24.998,12.90,34.14,36.30,51.47
25.004,7.32,35.82,36.18,51.43
25.024,1.80,37.14,35.88,51.67
25.046,-3.60,37.62,35.28,51.70
25.070,-8.76,37.38,34.32,51.49
25.158,-13.62,36.90,33.30,51.54
25.159,-18.06,35.64,32.34,51.40
25.160,-22.26,33.84,31.32,51.20
25.160,-26.16,31.62,30.00,50.83
25.165,-30.06,28.74,28.68,50.52
25.185,-33.66,24.84,27.30,49.95
25.212,-36.90,20.64,25.80,49.53
25.322,-39.66,15.96,24.42,49.23
25.323,-41.82,10.62,22.98,48.88
25.323,-43.44,4.98,21.54,48.74
25.324,-44.46,-0.78,19.86,48.70
25.325,-44.70,-6.84,18.36,48.80
25.326,-44.16,-12.78,16.80,48.94
25.354,-42.96,-18.54,15.06,49.15
25.440,-41.10,-23.94,13.08,49.33
25.441,-38.76,-28.86,10.86,49.53
25.442,-35.82,-33.18,8.40,49.54
25.442,-32.64,-37.14,5.52,49.75
25.448,-28.74,-40.50,2.22,49.71
25.467,-24.60,-43.08,-1.56,49.63
25.489,-20.58,-45.12,-5.70,49.92
25.581,-16.08,-46.08,-9.90,49.80
25.581,-11.40,-46.32,-14.04,49.72
25.582,-6.78,-46.08,-18.24,50.02
25.583,-2.22,-45.18,-22.02,50.31
25.588,2.88,-43.62,-25.56,50.64
25.608,7.32,-41.28,-28.50,50.69
25.639,11.64,-38.76,-30.90,50.92
25.751,16.02,-35.70,-32.46,50.84
25.752,19.62,-32.16,-33.96,50.72
25.753,23.16,-28.56,-34.80,50.63
25.754,26.64,-24.54,-35.40,50.64
25.754,29.64,-20.22,-35.88,50.74
25.755,31.44,-15.72,-35.88,50.23
25.769,33.00,-11.40,-35.64,49.89
25.804,34.26,-6.96,-35.40,49.75
25.810,34.98,-2.64,-35.46,49.88
25.886,35.70,1.44,-35.22,50.17
25.887,35.52,5.16,-35.28,50.33
25.888,34.68,8.52,-35.28,50.20
25.890,33.36,11.76,-35.46,50.09
25.910,31.92,14.76,-35.94,50.28
25.932,29.70,17.46,-36.66,50.31
26.030,26.82,19.86,-37.38,50.11
26.031,23.70,21.72,-38.16,49.90
26.033,19.80,23.34,-39.24,49.76
26.065,15.48,24.60,-40.26,49.65
26.066,11.04,25.14,-41.40,49.68
26.066,6.36,24.78,-42.54,49.64
26.077,1.62,23.70,-43.44,49.51
26.110,-2.64,21.78,-44.22,49.36
26.112,-6.60,19.38,-45.30,49.71
26.160,-10.26,16.14,-46.02,49.83
26.161,-13.32,12.66,-46.44,49.94
26.172,-15.48,8.40,-46.68,49.89
26.208,-16.98,4.08,-46.98,50.12
26.212,-18.00,-0.30,-46.86,50.20
26.271,-18.36,-4.56,-46.80,50.48
26.272,-17.88,-9.00,-46.62,50.73
26.273,-16.98,-13.38,-46.08,50.90
26.293,-15.30,-17.22,-45.42,50.93
26.331,-13.02,-21.12,-44.64,51.07
26.333,-10.20,-24.42,-43.74,51.12
26.387,-7.02,-27.24,-42.54,51.00
26.388,-3.06,-29.58,-41.28,50.88
26.394,1.26,-31.44,-39.66,50.62
26.415,5.88,-32.70,-37.80,50.32
26.435,10.86,-33.48,-35.34,49.88
26.455,15.66,-34.02,-32.34,49.48
26.535,20.52,-33.66,-29.22,49.07
26.536,25.08,-32.76,-25.44,48.47
26.537,29.64,-31.26,-21.30,48.05
26.537,33.78,-29.28,-17.04,47.84
26.555,37.56,-26.88,-12.60,47.87
26.575,40.68,-23.46,-8.10,47.65
26.610,43.50,-19.50,-3.84,47.82
26.689,45.54,-14.82,0.06,47.89
26.690,47.04,-9.96,3.84,48.24
26.691,48.06,-4.92,7.14,48.83
26.691,48.30,0.36,9.84,49.29
26.696,48.00,5.88,11.88,49.80
26.736,47.10,11.46,13.14,50.22
26.737,45.54,16.74,14.10,50.53
26.829,43.44,21.90,14.88,50.87
26.831,40.80,26.76,15.36,51.15
26.833,37.26,31.38,15.66,51.17
26.834,33.18,35.64,15.96,51.24
26.837,28.56,39.24,16.50,51.26
26.877,23.70,41.94,17.52,51.26
26.878,18.42,44.16,18.66,51.36
26.946,12.96,45.42,19.98,51.28
26.947,7.20,45.84,21.36,51.08
26.949,1.26,45.84,22.56,51.10
26.958,-4.50,45.00,23.70,51.06
26.988,-10.14,43.20,24.42,50.65
26.998,-15.36,40.62,24.84,50.03
27.072,-20.64,37.62,24.66,49.49
27.073,-25.80,33.84,24.60,49.15
27.074,-30.60,29.40,24.06,48.78
27.079,-34.86,24.84,23.04,48.61
27.119,-38.52,19.02,21.84,48.19
27.120,-41.52,12.84,20.46,48.03
27.195,-43.44,6.48,19.14,47.91
27.195,-44.82,0.06,17.70,48.19
27.196,-44.94,-6.60,16.38,48.28
27.201,-44.40,-13.02,14.94,48.62
27.220,-42.78,-19.26,13.62,48.85
27.240,-40.32,-25.38,12.18,49.17
27.269,-37.02,-30.90,10.32,49.31
27.280,-32.94,-35.82,8.40,49.38
27.362,-28.74,-40.14,6.06,49.74
27.362,-24.18,-43.80,3.48,50.15
27.363,-19.44,-46.20,0.66,50.13
27.365,-14.64,-48.36,-2.64,50.60
27.381,-9.66,-49.44,-6.24,50.76
27.410,-4.80,-49.56,-9.90,50.77
27.510,-0.12,-48.72,-13.38,50.52
27.511,4.38,-47.40,-16.92,50.52
27.512,8.82,-45.36,-20.16,50.42
27.512,13.14,-42.90,-22.92,50.38
27.513,17.10,-40.32,-25.14,50.50
27.522,20.94,-37.20,-26.58,50.29
27.544,24.36,-34.02,-27.96,50.32
27.643,27.60,-30.78,-28.80,50.38
27.644,30.42,-27.30,-29.28,50.28
27.645,32.94,-23.16,-29.52,49.93
27.645,35.04,-18.60,-29.70,49.56
27.646,36.54,-13.26,-29.94,49.06
27.663,37.50,-7.50,-30.54,48.94
27.697,37.38,-1.08,-31.14,48.66
27.758,36.24,5.64,-31.38,48.27
27.759,34.20,12.24,-31.86,48.32
27.760,31.32,18.18,-32.46,48.63
27.763,27.60,23.40,-33.36,49.21
27.784,22.86,27.24,-34.38,49.46
27.804,17.64,29.82,-35.52,49.62
27.843,12.12,30.84,-36.72,49.46
27.844,6.24,30.12,-38.34,49.15
27.930,0.48,27.72,-40.08,48.73
27.931,-4.92,23.76,-41.52,48.09
27.932,-9.66,18.78,-42.72,47.65
27.933,-13.92,12.54,-43.08,46.98
27.945,-17.34,5.64,-42.90,46.61
27.977,-19.50,-1.92,-42.30,46.62
28.043,-20.70,-9.36,-41.40,47.22
28.044,-20.46,-16.26,-40.14,47.90
28.056,-18.84,-22.62,-38.52,48.48
28.057,-16.56,-27.96,-36.84,49.12
28.066,-13.50,-32.64,-35.28,49.92
28.092,-9.48,-36.06,-33.60,50.19
28.178,-4.98,-38.52,-32.52,50.66
28.179,-0.30,-39.96,-31.38,50.81
28.180,4.74,-40.68,-30.00,50.77
28.181,9.78,-40.68,-28.20,50.46
28.187,15.06,-40.32,-25.80,50.18
28.207,20.34,-39.42,-22.56,49.76
28.227,25.38,-37.62,-18.90,49.16
28.267,30.00,-35.34,-14.76,48.65
28.268,34.32,-31.98,-9.72,47.91
28.345,38.16,-27.90,-4.32,47.47
28.346,41.40,-22.62,1.14,47.19
28.347,44.10,-17.34,6.00,47.76
28.347,45.54,-11.46,10.20,48.05
28.368,46.44,-5.16,13.50,48.64
28.400,46.74,1.50,15.54,49.28
28.469,46.50,8.04,16.38,49.95
28.470,45.66,14.28,15.78,50.37
28.470,44.10,19.98,14.52,50.54
28.471,41.76,25.08,13.08,50.44
28.489,38.52,30.00,11.40,50.14
28.508,35.22,34.74,9.84,50.44
28.531,31.26,38.64,8.76,50.47
28.626,26.82,42.00,8.40,50.54
28.627,21.72,44.76,8.82,50.53
28.627,16.08,46.74,10.26,50.48
28.628,10.14,47.94,12.18,50.49
28.629,3.78,48.06,13.98,50.19
28.650,-2.94,47.10,15.84,49.78
28.679,-9.60,44.94,17.34,49.11
28.749,-16.38,42.00,18.30,48.65
28.750,-22.92,37.26,18.66,47.56
28.751,-29.34,31.62,18.60,46.97
28.753,-34.92,25.14,17.70,46.53
28.770,-39.48,17.94,16.38,46.35
28.809,-42.78,10.32,14.70,46.40
28.811,-44.64,2.52,12.90,46.53
28.891,-45.42,-5.16,10.86,46.98
28.892,-45.06,-12.66,8.70,47.61
28.893,-43.98,-19.26,6.18,48.41
28.893,-41.34,-25.02,3.06,48.42
28.912,-38.28,-30.24,-0.42,48.78
28.945,-34.92,-34.08,-4.38,48.99
28.952,-30.90,-36.90,-9.00,48.96
29.051,-26.64,-38.52,-13.98,48.87
29.054,-22.26,-39.36,-18.90,49.01
29.055,-17.52,-39.36,-23.82,49.23
29.055,-12.36,-38.76,-28.14,49.47
29.056,-7.38,-37.62,-31.86,49.85
29.077,-2.10,-36.18,-34.86,50.28
29.168,3.06,-34.26,-36.96,50.49
29.169,7.98,-32.04,-38.40,50.64
29.170,12.72,-29.70,-39.12,50.74
29.170,17.10,-27.06,-39.42,50.78
29.173,21.06,-23.94,-39.48,50.75
29.193,24.90,-20.88,-39.30,50.99
29.217,28.02,-17.58,-38.82,51.00
29.326,30.66,-13.56,-38.46,51.02
29.327,32.88,-9.72,-38.04,51.21
29.327,34.62,-5.70,-37.26,51.18
29.328,35.94,-1.68,-36.36,51.15
29.329,36.72,2.46,-35.58,51.19
29.334,37.08,6.18,-34.56,51.06
29.371,36.66,10.26,-33.60,50.77
29.378,36.24,14.10,-32.88,50.92
29.459,35.10,17.58,-32.10,50.71
29.460,34.08,21.00,-31.32,50.83
29.461,32.82,23.94,-30.54,50.82
29.461,31.38,26.58,-30.18,51.01
29.475,29.70,28.80,-29.82,51.00
29.511,27.66,30.78,-29.76,50.97
29.515,25.32,32.28,-30.06,50.86
29.594,22.32,33.78,-30.72,50.82
29.595,19.26,34.26,-31.62,50.44
29.595,15.12,34.26,-32.94,49.87
29.597,10.56,33.42,-34.92,49.47
29.616,5.76,31.56,-36.72,48.76
29.642,0.90,28.38,-38.88,48.14
29.726,-3.78,24.18,-40.92,47.68
29.727,-8.04,18.96,-42.66,47.37
29.727,-11.28,12.72,-43.80,46.98
29.728,-14.10,6.30,-44.58,47.18
29.739,-15.72,-0.60,-45.12,47.78
29.762,-16.32,-7.14,-45.12,48.51
29.892,-15.78,-13.14,-44.82,49.30
29.892,-14.34,-18.18,-44.16,49.86
29.893,-12.12,-22.32,-43.50,50.37
29.894,-9.36,-25.74,-42.66,50.69
29.895,-6.36,-28.26,-42.00,51.02
29.895,-2.88,-29.94,-41.34,51.12
29.898,0.78,-30.84,-40.50,50.91
29.918,4.74,-31.38,-39.84,50.93
29.947,8.82,-31.80,-38.82,50.95
30.029,12.78,-31.68,-37.50,50.73
30.031,16.86,-31.38,-35.46,50.26
30.032,20.94,-30.72,-33.12,49.79
30.033,25.14,-29.70,-29.88,49.06
30.046,29.46,-28.26,-26.28,48.55
30.088,33.66,-26.34,-22.08,48.11
30.089,37.56,-23.88,-17.22,47.72
30.100,40.68,-20.64,-12.12,47.20
30.181,43.38,-16.74,-6.96,47.01
30.182,45.72,-12.18,-2.28,47.37
30.182,47.46,-7.26,1.86,48.05
30.183,48.30,-1.86,5.46,48.64
30.200,48.24,3.72,8.58,49.14
30.230,47.16,9.48,11.22,49.39
30.295,45.66,15.18,13.44,49.96
30.296,43.14,21.12,15.30,50.41
30.297,39.84,26.52,16.80,50.72
30.301,35.76,31.44,17.94,50.88
30.331,30.42,35.88,19.32,50.85
30.420,24.48,39.54,20.52,50.83
30.421,18.06,42.36,21.84,50.97
30.422,11.22,44.34,22.68,51.05
30.424,4.02,45.12,23.46,51.01
30.424,-3.06,44.64,23.70,50.63
30.448,-10.08,43.14,23.76,50.27
30.531,-16.92,40.92,23.58,50.17
30.532,-23.04,37.92,22.74,49.86
30.533,-28.44,34.32,22.02,49.71
30.533,-33.54,30.06,20.58,49.52
30.543,-37.86,25.14,19.50,49.45
30.563,-41.34,19.80,18.00,49.24
30.587,-43.92,14.46,16.92,49.24
30.664,-45.72,9.12,15.66,49.18
30.665,-46.74,3.60,14.64,49.11
30.666,-47.10,-2.16,14.28,49.26
30.666,-46.86,-8.04,13.74,49.49
30.684,-45.78,-13.50,13.26,49.54
30.704,-44.10,-18.72,12.84,49.60
30.724,-42.06,-23.64,11.76,49.66
30.799,-39.84,-28.56,10.02,50.03
30.800,-37.14,-32.70,7.74,50.09
30.800,-34.20,-36.36,4.68,50.13
30.805,-30.90,-39.06,0.24,49.80
30.825,-27.48,-40.86,-4.74,49.47
30.845,-23.94,-41.70,-10.08,49.13
30.880,-20.22,-41.82,-16.02,49.14
30.885,-16.14,-41.16,-21.54,49.18
30.966,-11.94,-39.72,-26.40,49.16
30.967,-7.50,-38.10,-30.66,49.48
30.968,-2.94,-36.00,-34.20,49.74
30.969,1.62,-33.78,-36.84,50.01
30.986,6.18,-31.02,-38.64,49.93
31.006,10.68,-28.32,-39.84,50.03
31.115,14.64,-25.50,-40.44,50.00
31.116,18.42,-22.68,-40.56,49.99
31.117,21.84,-19.44,-40.68,50.10
31.118,24.66,-15.72,-40.68,50.10
31.118,26.94,-12.06,-40.74,50.31
31.127,28.68,-8.46,-40.32,50.20
31.148,30.12,-5.04,-40.32,50.58
31.251,30.96,-2.04,-40.20,50.78
31.252,31.56,1.02,-40.14,51.07
31.252,31.50,4.26,-40.02,51.11
31.253,31.20,7.32,-40.14,51.36
31.254,30.60,9.60,-40.38,51.57
31.268,29.58,12.00,-40.62,51.66
31.300,28.08,14.46,-41.28,51.98
31.392,25.92,16.44,-41.88,51.92
31.393,23.82,18.12,-42.42,51.91
31.394,21.06,19.32,-43.38,51.95
31.395,18.06,20.10,-44.52,52.08
31.395,14.58,19.80,-45.66,51.86
31.409,10.92,19.26,-46.86,51.83
31.449,7.02,17.58,-47.76,51.37
31.450,3.30,14.94,-48.66,51.01
31.547,-0.24,11.76,-49.44,50.82
31.548,-3.72,7.98,-49.80,50.57
31.548,-6.36,3.48,-50.10,50.62
31.550,-8.40,-1.56,-49.86,50.59
31.550,-9.54,-6.66,-49.14,50.50
31.570,-9.72,-11.76,-48.18,50.54
31.600,-9.30,-16.44,-47.28,50.91
31.710,-8.16,-20.58,-46.14,51.18
31.711,-6.24,-24.00,-44.82,51.22
31.712,-3.78,-26.88,-43.92,51.63
31.712,-1.44,-28.92,-42.90,51.76
31.713,1.02,-30.66,-42.00,52.01
31.714,3.48,-31.62,-41.10,51.97
31.731,5.94,-32.52,-39.72,51.68
31.760,8.58,-33.06,-38.34,51.35
31.772,11.28,-33.60,-36.84,51.12
31.849,14.10,-34.14,-35.16,50.99
31.850,16.80,-34.68,-33.12,50.81
31.850,19.86,-35.10,-30.54,50.59
31.852,23.10,-35.16,-27.90,50.48
31.891,26.34,-35.04,-24.90,50.41
31.892,29.64,-34.20,-21.96,50.30
31.963,32.70,-33.24,-19.02,50.36
31.963,35.82,-31.80,-15.66,50.39
31.964,38.52,-29.88,-12.18,50.25
31.973,41.22,-27.24,-8.82,50.19
32.009,43.50,-24.06,-5.22,49.98
32.013,45.36,-20.34,-1.56,49.74
32.097,46.86,-16.50,1.98,49.72
32.131,47.64,-12.48,5.64,49.57
32.131,47.94,-7.98,9.36,49.49
32.132,47.70,-3.30,12.90,49.52
32.133,46.86,1.62,16.08,49.57
32.134,45.60,6.30,19.20,49.88
32.169,43.68,11.10,21.72,50.03
32.174,41.40,15.60,23.64,50.16
32.237,38.82,20.10,25.20,50.46
32.238,35.76,24.72,26.28,50.80
32.239,32.22,28.62,27.12,50.92
32.255,28.62,32.28,27.54,51.18
32.280,24.66,35.16,28.02,51.28
32.353,20.34,37.74,28.44,51.45
32.354,16.26,39.30,28.86,51.40
32.355,12.00,40.80,29.46,51.73
32.355,7.62,41.52,30.24,51.93
32.396,3.48,41.28,31.08,51.79
32.397,-0.66,40.80,31.92,51.81
32.462,-4.92,39.42,32.94,51.61
32.463,-9.06,37.68,33.84,51.45
32.463,-13.14,35.52,34.26,51.07
32.478,-17.22,33.00,34.74,50.91
32.497,-21.30,29.70,35.04,50.63
32.517,-25.20,26.16,35.10,50.51
32.608,-28.50,22.08,34.86,50.15
32.609,-31.74,17.52,34.26,49.88
32.610,-34.32,12.90,33.48,49.65
32.611,-36.60,8.10,32.46,49.59
32.623,-38.16,3.12,31.56,49.62
32.638,-39.18,-1.92,30.06,49.42
32.659,-39.66,-7.20,28.44,49.33
32.742,-39.36,-12.84,26.22,49.00
32.743,-38.76,-18.06,24.18,49.12
32.744,-37.32,-23.34,21.96,49.19
32.744,-35.22,-28.50,19.14,49.18
32.758,-32.34,-33.30,15.72,49.01
32.799,-29.16,-37.68,11.82,49.09
32.800,-25.56,-41.64,7.38,49.41
32.905,-21.54,-44.52,2.64,49.53
32.906,-17.04,-46.50,-2.16,49.57
32.907,-12.24,-47.88,-7.08,49.92
32.907,-7.20,-48.24,-12.06,50.24
32.908,-2.16,-47.70,-16.56,50.54
32.920,2.64,-46.44,-20.46,50.81
32.960,7.44,-44.52,-23.94,51.09
32.961,12.18,-42.06,-26.34,51.10
33.031,16.80,-39.36,-28.44,51.38
33.032,21.00,-36.18,-29.82,51.37
33.032,24.84,-32.52,-31.08,51.39
33.040,28.20,-28.44,-31.74,51.10
33.081,31.26,-24.36,-31.98,50.92
33.082,33.84,-20.10,-32.34,50.94
33.152,35.88,-15.60,-32.22,50.68
33.152,37.62,-10.86,-32.34,50.78
33.153,38.64,-6.00,-32.04,50.55
33.162,39.48,-1.26,-31.98,50.82
33.182,39.72,3.42,-31.44,50.77
33.201,39.48,7.68,-31.14,50.86
33.240,38.88,11.76,-31.02,51.11
33.242,37.62,15.60,-30.84,51.08
33.339,36.06,19.02,-31.08,51.26
33.340,33.84,22.20,-31.44,51.25
33.341,31.20,24.66,-32.34,51.26
33.341,27.60,26.34,-33.36,50.68
33.343,23.64,27.24,-35.22,50.41
33.371,19.02,27.06,-37.26,49.82
33.480,13.74,25.68,-39.42,49.01
33.481,8.46,22.86,-41.58,48.20
33.482,3.12,19.20,-43.32,47.49
33.482,-2.34,14.46,-44.82,47.15
33.483,-7.08,9.00,-45.84,47.25
33.484,-10.86,3.24,-46.14,47.51
33.504,-14.22,-2.82,-45.96,48.19
33.528,-16.32,-8.46,-45.18,48.78
33.606,-17.34,-13.38,-44.34,49.45
33.606,-17.22,-18.06,-43.26,49.94
33.607,-16.56,-21.66,-42.30,50.32
33.609,-15.00,-24.90,-41.64,50.78
33.635,-13.08,-27.30,-41.10,51.04
33.656,-10.92,-29.16,-40.80,51.32
33.714,-7.92,-30.66,-40.62,51.50
33.715,-4.74,-31.74,-40.44,51.63
33.716,-1.68,-32.52,-40.26,51.78
33.725,1.98,-33.00,-39.78,51.72
33.746,5.82,-33.36,-39.00,51.65
33.766,10.44,-33.78,-37.08,51.23
33.800,15.36,-33.96,-34.08,50.50
33.870,20.52,-33.66,-30.60,49.90
33.871,25.56,-32.76,-26.46,49.26
33.871,30.30,-31.26,-21.84,48.70
33.872,34.86,-28.92,-16.86,48.33
33.887,38.94,-25.92,-11.88,48.26
33.907,42.24,-22.56,-6.84,48.37
33.927,44.76,-18.12,-2.22,48.34
34.010,46.68,-13.50,1.38,48.61
34.011,47.76,-8.58,4.38,48.72
34.012,48.18,-3.48,7.08,48.82
34.013,48.00,1.74,9.00,48.87
34.028,47.40,6.60,10.92,49.09
34.055,46.26,11.46,12.84,49.36
34.071,44.46,16.44,14.16,49.47
34.172,41.82,21.12,15.60,49.38
34.172,38.70,25.80,16.98,49.51
34.173,35.04,30.24,18.60,49.88
34.174,30.66,34.08,20.04,50.03
34.174,25.86,37.32,21.84,50.38
34.190,20.64,40.14,23.34,50.81
34.211,15.18,42.36,24.48,51.23
34.295,9.60,43.44,25.68,51.37
34.296,3.84,43.86,26.34,51.31
34.297,-1.92,43.56,27.12,51.35
34.297,-7.62,42.30,27.48,51.01
34.310,-12.72,40.62,27.42,50.63
34.330,-17.82,38.22,27.18,50.17
34.407,-22.98,35.16,26.40,49.61
34.408,-28.02,31.62,25.56,49.38
34.409,-32.10,27.78,24.48,49.00
34.410,-35.82,23.58,23.16,48.74
34.442,-38.94,18.78,21.84,48.43
34.568,-41.40,13.74,20.88,48.36
34.569,-43.32,8.64,20.04,48.51
34.570,-44.40,3.00,18.90,48.35
34.571,-44.40,-2.58,18.24,48.07
34.572,-43.62,-8.34,17.52,47.74
34.573,-43.02,-14.10,16.44,48.16
34.573,-41.22,-19.80,15.24,48.20
34.591,-39.00,-25.08,13.74,48.36
34.616,-36.66,-30.00,12.06,48.88
34.726,-33.66,-35.04,10.08,49.62
34.727,-30.42,-38.82,7.86,49.94
34.728,-27.12,-42.36,5.22,50.57
34.729,-23.34,-45.18,2.34,50.91
34.730,-18.90,-47.46,-0.78,51.09
34.732,-14.34,-48.90,-3.84,51.10
34.752,-9.54,-49.26,-7.26,50.70
34.776,-4.32,-49.44,-10.62,50.75
34.863,0.78,-48.36,-14.04,50.36
34.863,5.88,-46.92,-17.22,50.32
34.864,11.04,-44.58,-20.34,50.23
34.865,15.84,-41.58,-23.28,50.22
34.873,20.40,-37.86,-25.62,50.06
34.911,24.06,-34.14,-27.48,49.99
34.987,27.06,-30.36,-29.34,50.15
34.987,29.46,-26.22,-31.02,50.17
34.988,31.44,-22.14,-32.52,50.36
34.989,32.82,-17.88,-33.96,50.50
34.994,33.60,-13.86,-35.16,50.57
35.022,33.96,-10.08,-36.18,50.63
35.111,33.60,-6.66,-37.26,50.61
35.112,33.12,-3.00,-38.34,50.75
35.112,32.64,0.54,-39.06,50.90
35.113,31.92,4.02,-39.72,51.11
35.115,30.90,7.32,-40.32,51.32
35.149,29.64,10.68,-40.62,51.40
35.155,28.14,13.68,-40.74,51.37
35.239,26.70,16.68,-40.86,51.58
35.240,24.96,19.56,-40.80,51.67
35.241,22.98,22.26,-40.68,51.75
35.242,21.00,24.90,-40.44,51.93
35.256,18.66,27.36,-40.20,52.08
35.288,15.96,29.28,-39.84,51.95
35.296,12.90,30.48,-40.14,52.03
35.403,9.78,31.14,-40.56,52.06
35.404,6.48,31.26,-41.28,52.18
35.404,3.12,30.60,-41.94,52.01
35.405,-0.18,29.04,-42.90,51.80
35.406,-3.66,26.70,-43.86,51.48
35.419,-6.96,23.52,-44.88,51.14
35.458,-9.90,19.62,-46.14,51.11
35.459,-12.30,15.42,-46.74,50.73
35.575,-14.28,11.52,-47.34,50.77
35.576,-15.90,7.32,-47.76,50.87
35.577,-17.04,3.24,-48.00,51.04
35.578,-17.70,-0.42,-48.18,51.33
35.579,-17.64,-3.78,-48.48,51.73
35.579,-16.92,-6.48,-48.72,51.98
35.598,-16.02,-8.82,-48.72,52.04
35.623,-14.82,-10.74,-48.90,52.21
35.729,-13.32,-12.84,-49.02,52.39
35.730,-11.52,-14.70,-48.96,52.40
35.731,-9.60,-16.32,-48.66,52.21
35.732,-7.68,-18.18,-48.36,52.23
35.732,-5.40,-19.92,-47.82,52.08
35.740,-3.06,-21.96,-46.98,51.95
35.761,0.06,-23.94,-45.72,51.61
35.866,4.02,-26.10,-43.68,51.04
35.866,8.52,-27.60,-41.16,50.28
35.867,13.50,-28.92,-37.74,49.43
35.868,18.60,-29.70,-33.66,48.59
35.868,24.24,-29.70,-28.32,47.66
35.881,29.58,-28.92,-22.86,47.26
35.901,34.62,-26.88,-17.34,47.13
35.999,39.12,-23.88,-12.12,47.41
36.000,42.72,-19.56,-7.50,47.58
36.001,45.48,-14.76,-2.82,47.90
36.002,47.40,-9.42,0.48,48.33
36.003,48.60,-3.78,2.76,48.82
36.028,49.14,2.22,4.20,49.37
36.120,48.78,8.04,5.10,49.70
36.121,47.70,13.80,5.88,50.00
36.128,45.66,19.56,6.78,50.13
36.129,42.84,24.90,7.92,50.18
36.130,39.30,29.82,9.00,50.15
36.142,34.98,34.38,10.68,50.20
36.163,30.06,38.10,12.90,50.22
36.258,24.30,41.34,15.30,50.33
36.259,18.36,43.68,17.76,50.60
36.260,12.06,45.06,20.16,50.82
36.261,5.46,45.48,22.44,51.01
36.263,-1.08,44.40,24.24,50.60
36.291,-7.56,42.78,25.74,50.49
36.359,-13.98,40.02,26.82,50.16
36.360,-20.16,36.30,27.48,49.79
36.361,-25.56,31.74,27.66,49.25
36.364,-30.60,26.34,27.78,49.01
36.401,-34.62,20.16,27.66,48.68
36.410,-37.62,13.32,27.12,48.25
36.467,-39.90,6.42,26.64,48.40
36.467,-40.92,-1.02,25.92,48.45
36.468,-40.74,-8.40,24.84,48.45
36.485,-39.48,-15.42,23.34,48.38
36.505,-37.62,-22.26,21.24,48.60
36.550,-34.92,-28.44,18.60,48.72
36.551,-31.62,-34.02,15.48,48.96
36.565,-28.08,-38.76,11.94,49.33
36.615,-23.94,-42.36,7.56,49.24
36.616,-19.74,-45.06,2.82,49.27
36.631,-15.30,-46.92,-2.46,49.41
36.646,-10.62,-47.88,-7.80,49.66
36.667,-5.94,-47.70,-12.78,49.74
36.744,-1.44,-46.80,-17.40,49.95
36.745,3.36,-44.94,-21.60,49.97
36.745,8.10,-42.72,-25.08,50.19
36.746,12.84,-40.14,-27.78,50.47
36.768,17.52,-36.96,-29.76,50.58
36.787,21.54,-33.42,-31.02,50.43
36.828,25.32,-29.58,-31.68,50.19
36.829,28.98,-25.50,-32.22,50.28
36.919,32.22,-21.42,-32.28,50.39
36.920,34.62,-17.28,-32.46,50.50
36.921,36.66,-12.60,-32.58,50.64
36.922,37.86,-8.10,-32.58,50.60
36.928,38.70,-3.66,-32.70,50.80
36.948,39.12,0.72,-32.64,50.95
36.980,39.00,5.10,-32.52,51.03
37.060,38.28,9.36,-32.40,51.02
37.061,37.08,13.62,-32.58,51.20
37.062,35.58,17.88,-32.40,51.33
37.063,33.30,21.66,-32.52,51.34
37.071,30.90,25.14,-32.46,51.38
37.095,27.72,28.26,-32.46,51.19
37.115,24.18,31.14,-32.88,51.34
37.205,20.22,33.24,-33.60,51.41
37.206,15.66,34.44,-34.20,51.00
37.207,11.16,35.16,-34.80,50.71
37.208,6.24,34.86,-35.70,50.28
37.210,1.32,33.60,-36.48,49.61
37.230,-3.96,31.20,-37.74,49.13
37.261,-9.00,27.90,-38.70,48.55
37.378,-14.28,22.74,-39.00,47.35
37.379,-18.66,16.02,-38.82,45.95
37.380,-22.26,8.34,-37.92,44.75
37.382,-24.84,-0.18,-36.18,43.89
37.382,-26.34,-9.12,-33.42,43.52
37.383,-26.76,-17.94,-29.82,43.90
37.391,-25.98,-26.34,-25.44,44.90
37.428,-23.76,-34.08,-20.04,46.12
37.431,-20.04,-40.44,-14.04,47.27
37.517,-16.14,-44.52,-7.26,47.91
37.517,-11.64,-46.62,0.18,48.05
37.519,-7.20,-46.80,7.92,48.01
37.519,-3.00,-44.94,15.66,47.68
37.535,0.78,-41.70,23.10,47.68
37.556,4.20,-36.72,30.12,47.68
37.667,6.90,-30.36,36.24,47.78
37.669,9.12,-22.68,41.46,48.13
37.669,10.98,-14.58,45.18,48.73
37.671,12.06,-6.30,47.34,49.26
37.672,12.66,1.68,48.06,49.73
37.673,12.96,9.24,47.46,50.06
37.693,13.20,16.38,45.84,50.43
37.730,13.26,22.68,43.68,50.97
37.733,12.90,28.26,40.98,51.42
37.810,12.00,32.82,37.98,51.61
37.810,10.62,36.60,34.92,51.69
37.811,8.94,39.90,31.98,51.91
37.814,7.26,42.42,29.64,52.25
37.834,4.92,44.16,27.72,52.37
37.869,2.22,45.48,26.16,52.51
37.874,-1.08,46.02,25.26,52.51
37.948,-4.74,45.84,24.78,52.32
37.949,-8.70,45.06,24.54,52.04
37.950,-12.90,43.44,24.84,51.68
37.955,-17.16,40.80,25.20,50.93
37.979,-21.90,37.44,25.32,50.22
37.996,-26.52,33.36,25.38,49.60
38.107,-30.60,28.26,25.56,48.87
38.108,-34.68,22.68,25.20,48.50
38.109,-37.98,16.44,24.42,48.05
38.109,-40.62,9.84,23.28,47.84
38.132,-42.36,2.94,22.08,47.86
38.133,-42.90,-3.78,20.70,47.78
38.136,-42.66,-10.50,19.44,48.04
38.157,-41.40,-16.68,17.82,48.06
38.251,-40.14,-22.38,15.84,48.61
38.252,-37.62,-27.84,13.80,48.79
38.253,-34.68,-32.64,11.82,49.07
38.254,-31.62,-37.02,9.60,49.62
38.257,-28.26,-40.56,6.84,49.90
38.277,-25.14,-43.50,3.78,50.38
38.298,-21.66,-45.72,0.12,50.59
38.408,-17.58,-47.40,-3.84,50.70
38.409,-13.08,-48.42,-7.98,50.79
38.409,-8.64,-48.48,-12.18,50.73
38.410,-3.96,-47.88,-16.26,50.72
38.411,0.96,-46.26,-20.22,50.49
38.418,6.00,-44.28,-23.58,50.52
38.458,11.52,-41.34,-26.46,50.41
38.460,16.92,-37.92,-28.56,50.40
38.560,21.90,-33.60,-30.06,50.12
38.561,26.22,-28.74,-31.02,49.76
38.562,30.36,-24.00,-31.32,49.78
38.562,33.42,-19.20,-31.50,49.78
38.563,36.12,-14.16,-31.50,49.97
38.582,38.04,-9.06,-31.32,50.10
38.662,39.12,-4.14,-31.38,50.32
38.663,39.48,0.42,-31.38,50.43
38.664,39.06,4.44,-31.74,50.52
38.665,37.68,7.80,-32.46,50.34
38.683,35.34,10.92,-33.84,50.13
38.775,32.58,13.50,-35.76,50.22
38.775,28.80,14.82,-37.74,49.73
38.776,24.18,15.00,-40.26,49.30
38.777,19.32,13.86,-42.54,48.73
38.781,14.28,12.12,-45.06,48.80
38.801,9.54,9.18,-46.92,48.75
38.823,5.22,5.70,-48.42,49.03
38.928,1.68,1.92,-49.50,49.57
38.929,-1.02,-2.22,-50.04,50.10
38.930,-2.94,-6.24,-50.22,50.69
38.931,-3.36,-9.84,-49.80,50.87
38.932,-3.18,-12.96,-49.44,51.21
38.942,-2.16,-15.96,-48.78,51.37
38.963,-0.42,-18.60,-47.94,51.42
39.057,1.86,-21.12,-47.04,51.60
39.058,5.04,-23.40,-45.36,51.29
39.059,8.82,-25.38,-43.32,50.98
39.059,13.44,-26.94,-40.50,50.46
39.063,18.24,-28.02,-36.96,49.84
39.083,23.16,-28.44,-32.64,49.10
39.103,28.08,-28.38,-27.90,48.71
39.199,32.88,-27.48,-22.80,48.54
39.200,37.32,-25.68,-17.46,48.55
39.201,41.10,-23.10,-11.94,48.63
39.201,44.22,-19.92,-6.36,48.91
39.204,46.32,-16.08,-1.50,49.05
39.244,47.76,-11.70,2.58,49.24
39.245,48.66,-7.02,6.54,49.60
39.360,48.96,-1.92,9.96,50.00
39.361,48.42,3.36,13.02,50.25
39.362,46.92,8.88,15.84,50.31
39.362,44.70,14.04,18.48,50.36
39.363,41.76,19.08,20.88,50.44
39.365,38.16,23.52,23.52,50.62
39.385,33.84,27.36,26.04,50.71
39.413,28.92,30.90,28.32,50.92
39.526,23.28,33.54,30.48,50.95
39.527,17.28,35.52,32.28,51.01
39.528,11.16,36.54,33.84,51.04
39.529,5.04,36.66,34.86,50.84
39.530,-1.02,36.24,35.76,50.92
39.530,-6.84,34.86,36.24,50.75
39.546,-12.60,32.40,36.78,50.61
39.567,-17.94,28.98,37.08,50.36
39.694,-22.56,24.78,37.20,50.07
39.695,-26.34,19.80,37.32,49.79
39.696,-29.40,14.16,37.38,49.62
39.696,-31.44,8.10,37.50,49.60
39.697,-32.82,1.50,37.20,49.63
39.698,-33.48,-5.10,36.42,49.73
39.716,-33.06,-11.46,35.34,49.73
39.740,-31.68,-17.76,33.90,49.68
39.847,-29.70,-23.88,31.98,49.75
39.848,-26.88,-29.64,29.64,49.79
39.849,-23.94,-34.68,26.16,49.60
39.849,-20.40,-39.24,21.84,49.32
39.850,-16.44,-43.08,16.86,49.09
39.851,-11.94,-46.02,11.22,48.85
39.880,-6.84,-47.70,4.74,48.42
39.970,-1.92,-48.00,-1.86,48.07
39.971,2.82,-47.10,-8.70,47.98
39.972,7.62,-45.06,-15.00,48.10
39.973,12.54,-42.12,-20.58,48.53
39.974,17.16,-38.28,-25.32,49.00
40.055,21.48,-33.60,-29.34,49.51
40.056,25.08,-28.50,-32.46,49.95
40.056,27.84,-23.40,-34.50,50.13
40.058,29.94,-18.18,-36.06,50.27
40.070,31.68,-12.96,-36.90,50.33
40.100,32.94,-7.86,-37.80,50.75
40.124,33.18,-3.06,-38.34,50.79
40.183,32.82,1.62,-38.94,50.95
40.184,32.04,6.00,-39.54,51.24
40.184,30.48,9.78,-40.02,51.25
40.193,28.14,13.32,-40.74,51.27
40.215,24.84,15.84,-41.64,51.01
40.307,21.30,17.04,-42.84,50.79
40.308,16.92,17.16,-44.34,50.46
40.309,12.72,16.02,-45.78,50.14
40.310,8.40,13.92,-47.16,49.88
40.311,3.84,10.74,-48.18,49.51
40.332,0.00,7.14,-49.02,49.54
40.352,-2.94,2.70,-49.68,49.84
40.441,-4.62,-1.74,-50.04,50.28
40.442,-5.82,-5.82,-50.16,50.83
40.443,-5.82,-9.36,-49.98,51.18
40.444,-5.34,-12.24,-49.62,51.38
40.453,-3.96,-14.82,-49.14,51.48
40.473,-1.74,-16.68,-48.66,51.47
40.504,0.96,-18.00,-48.06,51.33
40.582,4.14,-18.90,-47.46,51.25
40.583,7.62,-19.38,-46.62,51.06
40.583,11.58,-19.62,-45.18,50.60
40.584,15.90,-19.98,-43.26,50.23
40.596,20.58,-20.28,-40.56,49.80
40.616,25.14,-20.34,-37.14,49.24
40.710,29.70,-20.34,-33.00,48.83
40.711,33.90,-20.10,-28.08,48.39
40.712,37.56,-19.14,-22.50,47.78
40.713,40.92,-17.70,-16.92,47.69
40.714,43.62,-15.78,-11.28,47.74
40.735,45.60,-12.84,-5.70,47.71
40.771,46.74,-9.42,-0.54,47.68
40.847,47.40,-5.46,4.08,47.89
40.848,47.52,-1.14,8.52,48.29
40.849,46.80,3.72,12.24,48.52
40.850,45.72,8.52,14.94,48.85
40.855,43.92,13.26,17.64,49.15
40.896,41.52,18.18,19.68,49.41
40.897,38.46,22.50,21.36,49.41
40.977,34.86,26.70,22.98,49.56
40.978,30.72,30.48,24.54,49.75
40.979,26.16,33.84,25.62,49.86
40.979,21.42,36.36,26.82,50.00
40.996,16.44,38.22,28.50,50.43
41.018,11.16,39.12,30.12,50.62
41.115,6.00,39.12,31.62,50.66
41.116,0.78,38.52,33.30,50.92
41.117,-4.02,37.14,34.86,51.09
41.117,-8.58,34.86,36.24,51.01
41.118,-12.84,31.80,37.44,50.77
41.137,-16.98,27.90,38.40,50.41
41.170,-20.88,23.16,39.00,49.93
41.248,-24.42,18.00,39.24,49.60
41.248,-27.18,12.00,39.24,49.22
41.249,-29.16,5.70,38.52,48.65
41.250,-30.42,-1.26,37.50,48.30
41.258,-30.54,-8.52,35.94,47.93
41.299,-29.70,-15.78,33.96,47.79
41.300,-27.90,-22.74,31.14,47.59
41.411,-25.08,-29.10,27.60,47.30
41.412,-21.30,-34.98,23.46,47.20
41.413,-16.74,-39.84,18.78,47.12
41.414,-11.58,-43.92,13.98,47.52
41.415,-6.06,-46.56,8.58,47.73
41.419,-0.60,-48.06,3.42,48.18
41.440,4.98,-48.18,-1.98,48.48
41.464,10.44,-46.86,-7.62,48.61
41.555,15.72,-44.28,-12.66,48.66
41.556,20.82,-40.44,-17.52,48.74
41.557,25.14,-35.76,-21.66,48.78
41.559,28.62,-30.12,-25.44,48.72
41.561,31.32,-23.76,-28.50,48.55
41.580,33.00,-16.98,-31.50,48.68
41.609,33.66,-9.90,-33.96,48.83
41.621,33.48,-3.30,-35.58,48.97
41.719,32.52,3.00,-37.08,49.41
41.720,30.36,8.64,-38.04,49.43
41.721,27.12,13.62,-39.00,49.42
41.722,23.22,17.94,-39.90,49.53
41.723,18.66,20.88,-40.80,49.48
41.742,13.80,22.62,-42.06,49.71
41.769,8.64,23.28,-42.84,49.51
41.857,3.30,23.16,-43.68,49.55
41.857,-2.40,21.78,-44.22,49.35
41.858,-7.38,19.20,-44.58,49.09
41.859,-11.88,15.42,-44.88,48.92
41.863,-15.90,10.38,-44.64,48.51
41.883,-18.78,4.86,-44.40,48.45
41.910,-20.64,-1.26,-43.44,48.11
41.923,-21.30,-7.50,-42.60,48.21
42.024,-20.64,-13.56,-41.76,48.51
42.025,-18.72,-19.26,-40.86,48.90
42.026,-15.78,-24.36,-39.90,49.34
42.027,-11.58,-28.86,-38.64,49.60
42.027,-6.30,-32.10,-37.32,49.63
42.051,-0.72,-34.50,-35.04,49.18
42.145,5.64,-36.00,-32.16,48.60
42.146,11.88,-36.48,-28.38,47.72
42.147,18.12,-36.54,-23.28,46.96
42.156,24.00,-35.40,-17.52,46.22
42.157,29.40,-33.18,-11.34,45.76
42.165,34.08,-29.88,-4.86,45.58
42.186,37.74,-25.56,1.62,45.61
42.267,40.68,-20.40,7.38,46.10
42.268,42.00,-14.52,12.66,46.21
42.269,42.60,-8.16,17.46,46.76
42.270,42.18,-1.62,21.18,47.23
42.286,40.98,4.80,24.06,47.76
42.306,39.06,10.92,26.58,48.49
42.394,35.88,17.22,28.44,48.91
42.395,31.68,22.98,29.76,49.17
42.396,26.82,27.84,30.90,49.49
42.398,21.36,31.98,31.56,49.75
42.406,15.00,35.10,31.62,49.57
42.426,7.92,37.32,31.38,49.40
42.448,0.48,38.28,31.08,49.31
42.534,-7.26,37.80,30.54,49.13
42.535,-14.58,35.46,29.52,48.39
42.536,-21.54,31.44,28.56,47.62
42.536,-27.72,26.22,27.24,46.88
42.547,-33.06,19.86,25.74,46.37
42.569,-36.90,12.54,23.76,45.64
42.654,-39.60,4.56,21.60,45.34
42.654,-40.98,-3.48,19.14,45.36
42.655,-40.98,-11.64,16.50,45.68
42.656,-39.72,-19.38,13.86,46.32
42.668,-37.08,-26.34,10.98,46.79
42.702,-33.54,-32.70,7.68,47.47
42.708,-29.34,-37.92,4.26,48.13
42.786,-24.66,-42.00,0.36,48.71
42.787,-19.14,-44.82,-3.78,48.88
42.788,-13.08,-46.38,-8.28,48.89
42.789,-6.84,-45.90,-13.44,48.31
42.809,-0.84,-43.62,-18.66,47.45
42.830,5.10,-40.08,-23.82,46.90
42.951,10.86,-34.98,-28.44,46.37
42.952,15.84,-29.28,-32.64,46.62
42.953,20.28,-23.04,-35.88,47.22
42.953,23.88,-16.80,-38.52,48.33
42.954,26.04,-10.44,-40.26,49.07
42.955,27.42,-4.62,-41.28,49.77
42.970,28.38,0.24,-41.52,50.29
42.997,28.26,4.50,-41.58,50.47
43.111,27.36,8.16,-41.46,50.34
43.112,25.98,11.64,-41.52,50.34
43.113,24.12,14.52,-41.82,50.41
43.114,21.60,17.16,-42.24,50.45
43.114,18.78,19.02,-42.78,50.44
43.115,15.30,20.04,-43.62,50.38
43.131,11.04,20.40,-44.34,50.04
43.162,6.36,19.68,-44.94,49.47
43.172,1.32,17.76,-45.48,48.84
43.257,-3.72,14.82,-45.72,48.21
43.258,-9.00,10.74,-45.48,47.59
43.259,-13.74,5.76,-44.76,47.17
43.260,-17.76,0.36,-43.74,47.21
43.273,-21.12,-5.46,-42.24,47.54
43.295,-23.28,-11.16,-40.56,48.08
43.391,-24.18,-16.68,-38.76,48.63
43.392,-23.88,-22.08,-36.96,49.23
43.392,-22.32,-27.00,-35.40,49.80
43.393,-19.44,-30.84,-34.02,49.86
43.394,-15.84,-33.84,-33.24,50.01
43.423,-11.70,-36.00,-32.76,50.06
43.530,-7.08,-37.32,-32.82,50.20
43.531,-2.22,-37.74,-33.42,50.46
43.533,2.82,-37.50,-34.26,50.87
43.534,7.50,-36.30,-34.92,50.92
43.535,11.76,-34.20,-35.70,50.82
43.535,15.96,-31.86,-36.42,50.95
43.554,20.10,-29.04,-36.72,50.95
43.575,24.06,-26.04,-36.54,50.91
43.711,27.90,-23.10,-35.34,50.60
43.712,31.62,-20.22,-33.36,50.21
43.716,35.04,-16.92,-30.78,49.61
43.716,38.22,-13.44,-28.14,49.33
43.717,41.22,-9.78,-25.26,49.32
43.718,43.62,-6.30,-22.20,49.35
43.719,45.54,-2.58,-19.50,49.61
43.756,46.74,1.56,-16.86,49.71
43.757,47.46,5.88,-14.76,50.05
43.867,47.58,10.32,-13.20,50.44
43.868,46.80,14.88,-12.42,50.65
43.869,45.72,18.96,-11.88,50.90
43.869,43.86,23.34,-11.22,50.93
43.870,41.46,27.78,-10.38,50.97
43.877,38.46,32.16,-9.00,50.94
43.897,34.74,35.94,-7.14,50.49
44.014,30.48,39.48,-5.04,50.13
44.015,25.56,42.66,-2.76,49.81
44.016,20.04,45.30,-0.12,49.53
44.017,13.86,47.58,2.82,49.64
44.018,6.78,48.36,5.58,49.15
44.020,-0.66,48.00,8.04,48.67
44.113,-8.52,46.14,9.84,47.94
44.113,-16.08,42.84,10.74,47.00
44.114,-23.46,38.52,10.92,46.40
44.115,-30.30,32.76,10.92,45.94
44.118,-36.18,26.16,10.62,45.89
44.143,-40.74,18.66,10.26,45.97
44.159,-44.10,10.74,9.54,46.38
44.241,-46.08,2.70,9.06,47.04
44.242,-46.44,-5.10,8.70,47.52
44.243,-45.66,-12.54,8.64,48.13
44.243,-43.56,-19.86,8.52,48.62
44.259,-40.38,-26.34,7.98,48.87
44.280,-36.42,-32.40,7.20,49.27
44.366,-31.50,-37.68,5.46,49.41
44.367,-25.74,-41.70,3.54,49.13
44.367,-19.68,-45.06,0.60,49.17
44.368,-13.26,-47.10,-3.06,49.03
44.383,-6.72,-47.76,-7.50,48.81
44.420,-0.12,-46.74,-12.36,48.35
44.421,6.24,-44.58,-16.92,48.09
44.499,12.30,-40.80,-21.42,47.69
44.500,17.58,-35.88,-25.26,47.27
44.500,22.20,-30.36,-28.68,47.30
44.502,26.04,-24.36,-31.50,47.58
44.521,29.10,-18.12,-33.54,47.96
44.542,31.44,-12.06,-34.92,48.51
44.636,32.58,-6.30,-35.76,48.78
44.636,33.12,-0.78,-36.30,49.14
44.637,32.94,4.08,-36.84,49.59
44.638,31.86,8.64,-37.14,49.69
44.642,30.30,13.02,-37.56,49.98
44.662,28.14,17.70,-37.56,50.16
44.698,25.62,21.78,-37.44,50.32
44.773,22.68,25.80,-37.20,50.63
44.774,19.98,29.28,-36.42,50.82
44.775,17.22,32.34,-35.52,51.03
44.775,14.94,34.98,-34.44,51.31
44.788,13.32,36.84,-33.60,51.61
44.821,12.66,37.86,-33.18,51.91
44.823,13.14,37.08,-33.36,51.58
44.922,14.58,35.16,-34.02,51.05
44.923,16.86,31.44,-34.86,49.88
44.925,19.44,26.10,-36.18,48.66
44.925,21.84,19.02,-37.20,47.14
44.926,23.82,10.50,-37.44,45.60
44.944,25.68,1.02,-36.24,44.43
44.965,26.64,-8.76,-33.60,43.76
45.070,27.06,-18.12,-29.16,43.71
45.071,26.76,-26.34,-23.58,44.34
45.072,26.04,-33.12,-16.86,45.38
45.073,25.08,-38.10,-9.18,46.53
45.074,24.30,-41.04,-1.08,47.71
45.086,23.40,-41.94,7.02,48.54
45.110,22.74,-41.28,14.58,49.33
45.197,22.08,-39.24,21.12,49.73
45.198,21.60,-36.06,26.82,49.86
45.199,21.12,-32.16,32.10,50.11
45.201,20.28,-27.60,36.78,50.26
45.206,19.56,-22.32,40.44,50.16
45.228,18.60,-16.74,42.90,49.66
45.351,17.82,-10.74,44.82,49.41
45.352,16.86,-4.26,46.20,49.36
45.353,15.90,2.34,46.62,49.31
45.353,14.58,8.88,46.50,49.53
45.354,13.02,15.30,45.12,49.39
45.354,12.06,21.66,43.08,49.70
45.370,10.86,27.60,40.14,49.91
45.407,9.84,33.06,36.36,50.12
45.408,9.06,37.68,32.04,50.28
45.524,8.76,41.46,27.18,50.34
45.525,9.00,44.58,22.62,50.79
45.526,10.14,46.68,18.12,51.09
45.527,11.58,48.12,13.86,51.40
45.529,13.62,48.66,9.90,51.49
45.530,15.96,48.18,6.60,51.18
45.568,18.48,47.40,4.14,51.04
45.569,21.30,46.38,2.52,51.10
45.654,24.12,45.06,1.44,51.13
45.655,26.88,43.32,0.30,50.98
45.655,29.46,41.46,-0.66,50.86
45.656,32.34,39.18,-1.14,50.82
45.669,34.74,36.60,-1.62,50.49
45.691,37.14,33.96,-1.86,50.36
45.785,39.36,31.56,-1.74,50.48
45.786,41.10,29.46,-1.32,50.58
45.786,42.60,27.60,-0.96,50.77
45.787,43.56,26.52,-0.12,51.00
45.790,43.68,26.22,0.90,50.95
45.810,42.72,27.06,2.40,50.62
45.843,41.10,28.74,4.68,50.37
45.931,38.16,31.50,7.80,50.09
45.931,34.08,33.66,11.46,49.25
45.932,28.98,35.58,15.42,48.41
45.933,22.56,36.72,19.98,47.50
45.934,15.36,36.36,24.66,46.54
45.969,7.38,34.68,29.52,46.14
45.980,-0.48,31.02,33.84,45.91
46.058,-8.22,25.80,36.84,45.72
46.058,-15.48,18.66,38.82,45.77
46.059,-21.36,10.50,38.94,45.64
46.060,-25.86,1.26,37.56,45.62
46.072,-28.50,-8.16,34.68,45.62
46.092,-29.34,-17.10,30.84,45.87
46.197,-28.08,-25.56,26.22,46.14
46.198,-25.50,-33.06,21.18,46.82
46.206,-21.54,-39.30,16.14,47.63
46.207,-16.20,-44.04,10.50,48.08
46.208,-10.08,-47.16,4.98,48.48
46.213,-3.72,-48.48,-0.66,48.63
46.234,2.64,-47.94,-6.00,48.38
46.354,8.64,-46.02,-11.22,48.15
46.355,14.04,-42.84,-16.56,48.03
46.355,19.20,-38.40,-21.54,48.03
46.356,23.58,-33.06,-26.04,48.24
46.357,27.12,-26.76,-29.88,48.42
46.357,29.52,-19.98,-32.70,48.37
46.374,31.44,-13.08,-34.62,48.56
46.402,32.40,-6.36,-36.12,48.94
46.414,32.28,0.24,-37.20,49.25
46.493,31.32,6.36,-37.86,49.54
46.494,29.04,12.00,-38.64,49.80
46.495,25.56,16.74,-39.42,49.87
46.496,21.18,20.40,-40.14,49.76
46.536,16.38,22.86,-41.04,49.75
46.536,10.80,23.76,-42.06,49.50
46.625,4.98,23.04,-43.20,49.21
46.626,-0.96,20.64,-44.16,48.75
46.627,-6.54,16.98,-44.94,48.48
46.628,-11.16,11.82,-45.42,48.24
46.637,-14.52,6.00,-45.72,48.34
46.676,-16.56,-0.18,-45.84,48.74
46.677,-17.64,-6.30,-45.84,49.52
46.769,-16.86,-11.76,-45.48,49.91
46.770,-15.00,-16.50,-45.24,50.44
46.771,-11.88,-20.70,-44.82,50.78
46.772,-7.68,-23.94,-44.10,50.76
46.777,-2.64,-26.46,-42.84,50.42
46.797,2.94,-27.90,-41.04,49.71
46.818,9.06,-28.80,-38.58,48.99
46.912,15.66,-29.10,-35.40,48.43
46.912,21.96,-28.92,-31.14,47.83
46.913,28.02,-27.72,-25.62,47.01
46.914,33.66,-25.56,-19.20,46.42
46.918,38.28,-22.38,-12.54,46.08
46.957,41.70,-18.06,-5.64,45.79
46.958,44.10,-13.08,0.90,46.01
47.030,45.18,-7.38,6.96,46.30
47.031,44.88,-1.50,12.84,46.70
47.031,43.44,4.68,17.88,47.21
47.039,41.22,10.74,21.66,47.79
47.078,38.10,16.62,24.42,48.21
47.080,34.62,22.08,26.46,48.85
47.178,30.66,27.06,28.02,49.57
47.179,25.68,31.08,29.16,49.76
47.179,20.16,34.38,30.18,49.99
47.180,14.04,36.72,30.72,49.89
47.181,7.62,38.22,31.02,49.81
47.200,0.72,38.28,31.20,49.39
47.222,-6.42,37.08,31.20,48.88
47.344,-13.86,34.14,31.20,48.28
47.345,-21.12,29.64,30.60,47.55
47.346,-27.60,23.64,29.70,46.93
47.347,-32.76,16.50,28.20,46.27
47.348,-36.60,9.00,26.22,45.91
47.348,-39.00,0.84,24.18,45.89
47.361,-40.26,-7.32,22.20,46.55
47.396,-39.84,-15.48,20.04,47.21
47.401,-37.68,-23.16,17.76,47.66
47.489,-34.14,-30.06,15.24,47.97
47.489,-29.10,-35.82,12.72,47.87
47.490,-23.28,-40.44,9.96,47.71
47.491,-16.98,-44.16,6.90,47.81
47.502,-10.26,-46.80,3.00,48.00
47.529,-2.88,-47.64,-1.80,47.76
47.622,4.38,-46.98,-6.90,47.68
47.623,11.22,-44.34,-12.12,47.31
47.623,17.70,-40.50,-17.04,47.37
47.624,23.40,-35.22,-21.48,47.43
47.625,27.90,-29.10,-25.38,47.64
47.643,31.74,-22.38,-28.92,48.42
47.681,34.62,-15.48,-31.56,49.34
47.683,36.18,-8.94,-33.48,50.10
47.771,36.30,-2.64,-34.92,50.44
47.772,35.46,2.88,-36.00,50.61
47.773,33.78,7.92,-37.14,50.82
47.773,31.08,11.64,-38.52,50.84
47.784,27.66,14.16,-40.26,50.86
47.810,23.52,15.42,-41.94,50.50
47.920,18.90,15.00,-43.86,50.06
47.921,14.10,13.08,-45.54,49.43
47.923,9.78,9.60,-46.80,48.76
47.924,6.12,5.16,-47.58,48.25
47.925,2.94,-0.18,-48.12,48.21
47.925,0.90,-6.18,-48.24,48.64
47.947,0.42,-12.00,-47.52,49.01
48.052,1.08,-17.52,-46.14,49.37
48.053,3.42,-22.32,-43.98,49.44
48.054,7.14,-26.10,-41.34,49.41
48.055,11.88,-28.56,-38.04,49.03
48.056,17.16,-30.00,-33.96,48.45
48.066,22.74,-30.54,-28.86,47.78
48.102,28.26,-29.76,-22.74,46.92
48.206,33.30,-27.96,-15.84,46.28
48.207,37.50,-25.26,-8.46,46.00
48.208,40.56,-20.82,-0.78,45.60
48.217,42.60,-15.24,6.72,45.74
48.218,43.14,-8.88,13.32,46.01
48.219,42.66,-2.16,18.72,46.64
48.227,41.04,5.28,23.28,47.48
48.250,38.28,12.48,26.52,48.21
48.375,34.50,19.56,28.26,48.70
48.376,30.18,26.28,28.80,49.30
48.376,25.14,32.10,28.62,49.81
48.377,19.44,36.96,27.84,50.19
48.377,13.20,40.14,26.88,50.08
48.378,6.30,42.54,25.80,50.15
48.405,-1.20,43.32,24.24,49.65
48.408,-8.88,42.24,22.86,48.84
48.503,-16.62,39.72,21.72,48.22
48.504,-24.06,35.04,20.04,46.99
48.505,-30.78,28.62,17.94,45.70
48.506,-36.36,20.64,15.24,44.50
48.516,-40.38,12.12,12.36,43.93
48.591,-42.96,2.88,9.12,44.01
48.592,-43.74,-6.24,5.40,44.51
48.593,-42.90,-14.82,0.78,45.39
48.593,-40.56,-22.62,-3.96,46.61
48.610,-36.96,-28.50,-8.58,47.45
48.631,-32.46,-33.12,-13.20,48.21
48.740,-27.72,-36.30,-17.34,48.85
48.741,-22.98,-38.52,-21.24,49.63
48.742,-18.00,-39.72,-24.66,50.10
48.742,-13.86,-40.32,-27.60,50.79
48.743,-9.84,-39.84,-29.88,50.76
48.751,-6.42,-39.12,-31.86,50.86
48.771,-3.72,-38.40,-33.30,50.96
48.798,-1.68,-37.56,-34.50,51.03
48.882,-0.30,-37.08,-35.28,51.18
48.883,0.90,-36.48,-35.76,51.09
48.883,1.32,-36.24,-36.24,51.27
48.884,1.86,-35.88,-36.30,51.07
48.892,2.10,-35.88,-36.48,51.21
48.931,1.74,-35.76,-36.60,51.20
48.932,1.74,-35.64,-37.02,51.42
49.008,1.80,-35.52,-37.14,51.42
49.009,1.92,-35.52,-37.38,51.60
49.009,2.04,-35.52,-37.62,51.78
49.013,2.46,-35.64,-37.50,51.79
49.033,2.94,-36.06,-37.32,51.98
49.054,3.24,-36.48,-36.60,51.78
49.162,4.20,-37.32,-35.76,51.86
49.163,4.62,-38.28,-34.62,51.82
49.164,5.04,-39.54,-33.24,51.90
49.165,5.22,-40.32,-31.86,51.65
49.165,5.28,-41.28,-30.60,51.65
49.174,5.28,-42.00,-29.58,51.64
49.199,5.16,-42.48,-28.86,51.61
49.306,5.10,-42.90,-28.56,51.79
49.307,4.92,-43.44,-28.20,52.02
49.308,5.16,-43.68,-27.78,52.02
49.309,5.10,-43.68,-27.66,51.95
49.310,5.22,-43.86,-27.36,51.96
49.315,5.34,-44.04,-27.30,52.09
49.343,5.28,-43.98,-27.18,51.97
49.462,5.28,-44.10,-27.18,52.07
49.463,5.40,-44.34,-26.88,52.13
49.463,5.40,-44.16,-26.58,51.82
49.464,5.16,-44.04,-26.70,51.76
49.465,5.10,-44.04,-26.82,51.81
49.466,5.22,-43.92,-27.18,51.91
49.476,5.16,-43.74,-27.18,51.75
49.508,5.46,-43.98,-27.12,51.96
49.516,5.40,-43.80,-27.12,51.80
49.610,5.28,-43.68,-27.18,51.72
49.610,5.28,-43.56,-27.48,51.77
49.611,5.40,-43.62,-27.42,51.80
49.612,5.34,-43.50,-27.60,51.79
